"","Palabra","Puntuacion","Word","positivas","negativas"
"1","a bordo",1,"aboard",1,0
"2","abandona",-2,"abandons",0,2
"3","abandonado",-2,"abandoned",0,2
"4","abandonar",-2,"abandon",0,2
"5","abatido",-2,"dejected",0,2
"6","abatido",-3,"despondent",0,3
"7","aborrece",-3,"abhors",0,3
"8","aborrecer",-3,"abhor",0,3
"9","aborrecible",-3,"abhorrent",0,3
"10","aborrecido",-3,"abhorred",0,3
"11","adoptar",1,"embrace",1,0
"12","abrazo",2,"hug",2,0
"13","abrazos",2,"hugs",2,0
"14","abriga",2,"cherishes",2,0
"15","absolver",2,"absolve",2,0
"16","absolver",2,"acquit",2,0
"17","absolviendo",2,"absolving",2,0
"18","absolviendo",2,"acquitting",2,0
"19","absorbido",1,"absorbed",1,0
"20","absorto",1,"engrossed",1,0
"21","absueltos",2,"absolved",2,0
"22","absuelve",2,"absolves",2,0
"23","absuelve",2,"acquits",2,0
"24","aburrido",-2,"bored",0,2
"25","aburrido",-3,"boring",0,3
"26","aburrido",-2,"dull",0,2
"27","aburrir",-2,"bore",0,2
"28","abusado",-3,"abused",0,3
"29","abusivo",-3,"abusive",0,3
"30","abuso",-3,"abuse",0,3
"31","abusos",-3,"abuses",0,3
"32","acaparador",-2,"profiteer",0,2
"33","acaparamiento",-2,"monopolizing",0,2
"34","accidental",-2,"accidental",0,2
"35","accidentalmente",-2,"accidentally",0,2
"36","accidente",-2,"accident",0,2
"37","accidentes",-2,"accidents",0,2
"38","acepta",1,"accepts",1,0
"39","aceptado",1,"accepted",1,0
"40","aceptado",-1,"admitted",0,1
"41","aceptar",1,"accept",1,0
"42","aceptar",1,"accepting",1,0
"43","aclamaciones",2,"cheers",2,0
"44","aclara",2,"clarifies",2,0
"45","acosado",-2,"bullied",0,2
"46","acosado",-2,"harried",0,2
"47","acoso",-2,"bullying",0,2
"48","activo",1,"active",1,0
"49","activo",2,"asset",2,0
"50","acuchillado",-2,"stabbed",0,2
"51","acuerdo",1,"agreement",1,0
"52","acusa",-2,"accuses",0,2
"53","acusación",-2,"accusation",0,2
"54","acusaciones",-2,"accusations",0,2
"55","acusado",-2,"accused",0,2
"56","acusando",-2,"accusing",0,2
"57","acusar",-2,"accuse",0,2
"58","adecuado",1,"adequate",1,0
"59","admira",3,"admires",3,0
"60","admirar",3,"admire",3,0
"61","admirativo",3,"admiring",3,0
"62","admite",-1,"admits",0,1
"63","admitir",-1,"admit",0,1
"64","adoctrina",-2,"indoctrinates",0,2
"65","adoctrinados",-2,"indoctrinated",0,2
"66","adoctrinar",-2,"indoctrinate",0,2
"67","adoctrinar",-2,"indoctrinating",0,2
"68","adopta",1,"adopts",1,0
"69","adoptar",1,"adopt",1,0
"70","adora",3,"adores",3,0
"71","adorable",3,"adorable",3,0
"72","adorado",3,"adored",3,0
"73","adorado",3,"worshiped",3,0
"74","adorar",3,"adore",3,0
"75","advertencia",-3,"warning",0,3
"76","advertencias",-3,"warnings",0,3
"77","advertir",-2,"warn",0,2
"78","advierte",-2,"warns",0,2
"79","afable",2,"suave",2,0
"80","afectado",-1,"affected",0,1
"81","afecto",3,"affection",3,0
"82","aficionado",2,"fond",2,0
"83","afilado",1,"keen",1,0
"84","afirmativamente",2,"positively",2,0
"85","afligido",-1,"afflicted",0,1
"86","afligido",-2,"bereaved",0,2
"87","afligido",-2,"distressed",0,2
"88","afligido",-2,"stricken",0,2
"89","afortunado",2,"fortunate",2,0
"90","afrentado",-1,"affronted",0,1
"91","agobiados",-2,"burdened",0,2
"92","agoniza",-3,"agonises",0,3
"93","agoniza",-3,"agonizes",0,3
"94","agonizado",-3,"agonised",0,3
"95","agonizado",-3,"agonized",0,3
"96","agonizante",-3,"agonising",0,3
"97","agonizante",-3,"agonizing",0,3
"98","agonizar",-3,"agonise",0,3
"99","agonizar",-3,"agonize",0,3
"100","agotado",-2,"drained",0,2
"101","agotado",-2,"exhausted",0,2
"102","agradable",2,"agreeable",2,0
"103","agradable",3,"pleasant",3,0
"104","agradecido",3,"grateful",3,0
"105","agradecido",2,"thankful",2,0
"106","agrava",-2,"aggravates",0,2
"107","agravado",-2,"aggravated",0,2
"108","agravante",-2,"aggravating",0,2
"109","agravar",-2,"aggravate",0,2
"110","agresión",-2,"aggression",0,2
"111","agresiones",-2,"aggressions",0,2
"112","agresivo",-2,"aggressive",0,2
"113","agresor",-1,"attacking",0,1
"114","aguante",2,"stamina",2,0
"115","ahogar",-2,"drown",0,2
"116","ahogo",-2,"choke",0,2
"117","ahogue",-2,"drowned",0,2
"118","airado",-3,"irate",0,3
"119","aislado",-1,"isolated",0,1
"120","ajuste",1,"fit",1,0
"121","alabado",3,"praised",3,0
"122","alabando",3,"praising",3,0
"123","alabanza",3,"praise",3,0
"124","alabanzas",3,"praises",3,0
"125","alarma",-2,"alarm",0,2
"126","alarmado",-2,"alarmed",0,2
"127","alarmista",-2,"alarmist",0,2
"128","alarmistas",-2,"alarmists",0,2
"129","alboroto",-2,"riot",0,2
"130","alcances",1,"reaches",1,0
"131","alcanzado",1,"reached",1,0
"132","alcanzar",1,"reach",1,0
"133","aleccionadora",1,"sobering",1,0
"134","alegrarse",4,"rejoice",4,0
"135","alegre",2,"blithe",2,0
"136","alegre",2,"cheerful",2,0
"137","alegre",3,"cheery",3,0
"138","alegre",2,"convivial",2,0
"139","alegre",3,"glad",3,0
"140","alegre",2,"jaunty",2,0
"141","alegre",2,"jolly",2,0
"142","alegre",3,"joyful",3,0
"143","alegre",1,"lighthearted",1,0
"144","alegre",3,"merry",3,0
"145","alegre",3,"mirthful",3,0
"146","alegremente",3,"joyfully",3,0
"147","alegría",3,"glee",3,0
"148","alegría",3,"joy",3,0
"149","alegría",3,"mirth",3,0
"150","alegría",4,"rejoicing",4,0
"151","alentado",2,"encouraged",2,0
"152","alentar",2,"encourage",2,0
"153","alérgico",-2,"allergic",0,2
"154","alerta",-1,"alert",0,1
"155","alfombrilla de ratón",-1,"lurking",0,1
"156","algún tipo",0,"some kind",0,0
"157","alicaído",-2,"downcast",0,2
"158","alienación",-2,"alienation",0,2
"159","alienta",2,"encourages",2,0
"160","aliviado",2,"relieved",2,0
"161","aliviado",3,"soothed",3,0
"162","aliviar",1,"relieve",1,0
"163","amable",3,"lovable",3,0
"164","amado",3,"beloved",3,0
"165","amado",3,"loved",3,0
"166","amargado",-2,"embittered",0,2
"167","amargamente",-2,"bitterly",0,2
"168","amargo",-2,"bitter",0,2
"169","ambicioso",2,"ambitious",2,0
"170","ambivalente",-1,"ambivalent",0,1
"171","amenaza",-2,"menace",0,2
"172","amenaza",-2,"threat",0,2
"173","amenaza",-2,"threatens",0,2
"174","amenazado",-2,"menaced",0,2
"175","amenazados",-2,"threatened",0,2
"176","amenazante",-2,"threatening",0,2
"177","amenazar",-2,"threaten",0,2
"178","amenazas",-2,"threats",0,2
"179","amistoso",2,"friendly",2,0
"180","amonestado",-2,"admonished",0,2
"181","amonestar",-2,"admonish",0,2
"182","amontonar",-1,"pileup",0,1
"183","amor",3,"love",3,0
"184","amordazado",-2,"gagged",0,2
"185","amoroso",2,"loving",2,0
"186","ampliar",1,"extend",1,0
"187","analfabetismo",-2,"illiteracy",0,2
"188","Angers",-3,"angers",0,3
"189","angustia",-3,"anguish",0,3
"190","angustia",-2,"distress",0,2
"191","angustiado",-3,"anguished",0,3
"192","angustias",-2,"distresses",0,2
"193","angustioso",-2,"distressing",0,2
"194","angustioso",-3,"heartbreaking",0,3
"195","ansia",-1,"longing",0,1
"196","anhelo",1,"yearning",1,0
"197","animado",2,"cheered",2,0
"198","animado",2,"lively",2,0
"199","animado",2,"sprightly",2,0
"200","animar",2,"cheer",2,0
"201","ánimo",2,"encouragement",2,0
"202","animosidad",-2,"animosity",0,2
"203","ansiedad",-2,"anxiety",0,2
"204","ansioso",-2,"anxious",0,2
"205","ansioso",2,"eager",2,0
"206","antagonista",-2,"antagonistic",0,2
"207","anti",-1,"anti",0,1
"208","anticipación",1,"anticipation",1,0
"209","apaciguado",2,"appeased",2,0
"210","apaciguamiento",2,"appeasing",2,0
"211","apaciguar",2,"appease",2,0
"212","aparejado",-1,"rigged",0,1
"213","aparejo",-1,"rig",0,1
"214","apasionado",2,"passionate",2,0
"215","apatía",-3,"apathy",0,3
"216","apático",-3,"apathetic",0,3
"217","apenado",-2,"grieved",0,2
"218","apeshit",-3,"apeshit",0,3
"219","aplaca",2,"appeases",2,0
"220","aplasta",-1,"crushes",0,1
"221","aplastada",-2,"crushed",0,2
"222","aplastante",-1,"crushing",0,1
"223","aplastar",-1,"crush",0,1
"224","aplaude",2,"applauds",2,0
"225","aplaudida",2,"applauded",2,0
"226","aplaudiendo",2,"applauding",2,0
"227","aplaudir",2,"applaud",2,0
"228","aplausos",2,"applause",2,0
"229","aplausos",2,"cheering",2,0
"230","aplazar",-1,"defer",0,1
"231","apocalíptico",-2,"apocalyptic",0,2
"232","apoyo",2,"backing",2,0
"233","apoyo",2,"support",2,0
"234","apoyo",2,"supportive",2,0
"235","aprecia",2,"appreciates",2,0
"236","apreciación",2,"appreciation",2,0
"237","apreciado",2,"appreciated",2,0
"238","apreciado",-2,"unappreciated",0,2
"239","apreciando",2,"appreciating",2,0
"240","apreciando",2,"cherishing",2,0
"241","apreciar",2,"appreciate",2,0
"242","apreciar",2,"cherish",2,0
"243","aprensivo",-2,"apprehensive",0,2
"244","aprobación",2,"approval",2,0
"245","aprobación",2,"endorsement",2,0
"246","aprobado",2,"approved",2,0
"247","aprueba",2,"approves",2,0
"248","aptitud",1,"fitness",1,0
"249","ardiente",1,"ardent",1,0
"250","arrastra",-1,"drags",0,1
"251","arrastrado",-1,"dragged",0,1
"252","arrastrar",-1,"drag",0,1
"253","arreglado",-1,"made-up",0,1
"254","arrepentido",-2,"regretful",0,2
"255","arrepentimientos",-2,"regrets",0,2
"256","arrestar",-2,"arrest",0,2
"257","arrinconado",-2,"cornered",0,2
"258","arrogante",-2,"arrogant",0,2
"259","arruinado",-3,"bankrupt",0,3
"260","arruinado",-2,"ruined",0,2
"261","arruinando",-2,"ruining",0,2
"262","asco",-3,"disgust",0,3
"263","asegura",2,"secures",2,0
"264","asegurado",2,"secured",2,0
"265","asegurando",1,"ensuring",1,0
"266","asegurar",1,"ensure",1,0
"267","asesinato",-3,"assassination",0,3
"268","asesinato",-3,"killing",0,3
"269","asesinato",-2,"murder",0,2
"270","asesinato",-3,"murdering",0,3
"271","asesinatos",-3,"assassinations",0,3
"272","asesinatos",-2,"murders",0,2
"273","asesino",-2,"murderer",0,2
"274","asesino",-3,"murderous",0,3
"275","asfixia",-2,"choking",0,2
"276","asombra",3,"astounds",3,0
"277","asombrado",2,"amazed",2,0
"278","asombrado",2,"astonished",2,0
"279","asombrado",3,"astounded",3,0
"280","asombrar",3,"astound",3,0
"281","asombro",2,"amaze",2,0
"282","asombroso",4,"amazing",4,0
"283","asombroso",3,"astounding",3,0
"284","asombroso",5,"breathtaking",5,0
"285","asqueroso",-3,"disgusting",0,3
"286","asqueroso",-3,"nasty",0,3
"287","asqueroso",-2,"yucky",0,2
"288","assfucking",-4,"assfucking",0,4
"289","astucia",-2,"trickery",0,2
"290","astuto",-2,"dodgy",0,2
"291","asuntos",1,"matters",1,0
"292","asustadizo",-1,"jumpy",0,1
"293","asustado",-2,"afraid",0,2
"294","asustado",-2,"frightened",0,2
"295","asustado",-2,"scared",0,2
"296","atacado",-1,"attacked",0,1
"297","ataque",-1,"attack",0,1
"298","ataques",-1,"attacks",0,1
"299","atascado",-2,"stuck",0,2
"300","aterrado",-2,"appalled",0,2
"301","aterrador",-3,"frightening",0,3
"302","aterroriza",-3,"terrorizes",0,3
"303","aterrorizado",-3,"terrified",0,3
"304","aterrorizado",-3,"terrorized",0,3
"305","aterrorizar",-3,"terrorize",0,3
"306","atornillado",-2,"screwed",0,2
"307","atracción",2,"attraction",2,0
"308","atracciones",2,"attractions",2,0
"309","atractivo",3,"glamorous",3,0
"310","atractivo",1,"inviting",1,0
"311","atrae",1,"attracts",1,0
"312","atraer",1,"attract",1,0
"313","atraído",1,"attracted",1,0
"314","atrapado",-2,"trapped",0,2
"315","atrayendo",2,"attracting",2,0
"316","atrevido",2,"daring",2,0
"317","atropello",-3,"outrage",0,3
"318","aturdido",-2,"stunned",0,2
"319","audaz",3,"audacious",3,0
"320","audaz",2,"fearless",2,0
"321","aumenta",1,"boosts",1,0
"322","aumentado",1,"increased",1,0
"323","aumentar",1,"boost",1,0
"324","ausencia",-2,"lack",0,2
"325","ausente",-1,"absentee",0,1
"326","ausentes",-1,"absentees",0,1
"327","autoengañada",-2,"self-deluded",0,2
"328","autor",-2,"perpetrator",0,2
"329","autores",-2,"perpetrators",0,2
"330","autoridad",1,"authority",1,0
"331","avanzado",1,"advanced",1,0
"332","aventuras",2,"adventure",2,0
"333","aventuras",2,"adventures",2,0
"334","aventurero",2,"adventurous",2,0
"335","avergonzado",-2,"ashamed",0,2
"336","avergonzar",-2,"embarrass",0,2
"337","aversión",-3,"loathing",0,3
"338","ávido",2,"avid",2,0
"339","axed",-1,"axed",0,1
"340","Ay",-1,"alas",0,1
"341","ayuda",2,"help",2,0
"342","ayuda",2,"helps",2,0
"343","Bamboozles",-2,"bamboozles",0,2
"344","bancadas",-2,"thwarts",0,2
"345","bankster",-3,"bankster",0,3
"346","barra oblicua",-2,"slash",0,2
"347","barras",-2,"slashes",0,2
"348","barrera",-2,"barrier",0,2
"349","Bastardo",-5,"bastard",0,5
"350","bastardos",-5,"bastards",0,5
"351","batalla",-1,"battle",0,1
"352","batallas",-1,"battles",0,1
"353","beatífico",3,"beatific",3,0
"354","bellezas",3,"beauties",3,0
"355","bendecir",2,"bless",2,0
"356","bendice",2,"blesses",2,0
"357","bendición",3,"blessing",3,0
"358","bendición",4,"godsend",4,0
"359","beneficiado",2,"benefitted",2,0
"360","beneficiando",2,"benefitting",2,0
"361","beneficio",2,"benefit",2,0
"362","beneficios",2,"benefits",2,0
"363","bereaves",-2,"bereaves",0,2
"364","bereaving",-2,"bereaving",0,2
"365","Beso",2,"kiss",2,0
"366","bienes",2,"assets",2,0
"367","bienvenida",2,"welcomed",2,0
"368","Bienvenido",2,"welcome",2,0
"369","bloquear",-1,"block",0,1
"370","bloqueo",-1,"blocking",0,1
"371","bloques",-1,"blocks",0,1
"372","boicoteado",-2,"boycotted",0,2
"373","boicoteando",-2,"boycotting",0,2
"374","boicotear",-2,"boycott",0,2
"375","boicots",-2,"boycotts",0,2
"376","bomba",-1,"bomb",0,1
"377","bondad",3,"goodness",3,0
"378","bonita",1,"pretty",1,0
"379","bonito",3,"nice",3,0
"380","borra",1,"clears",1,0
"381","borracho",-2,"drunk",0,2
"382","borroso",-2,"blurry",0,2
"383","boyante",2,"buoyant",2,0
"384","brillante",1,"bright",1,0
"385","brillante",4,"brilliant",4,0
"386","brillar",3,"sparkle",3,0
"387","brillo",1,"brightness",1,0
"388","broma",2,"joke",2,0
"389","bruto",-2,"gross",0,2
"390","bueno",3,"good",3,0
"391","buque insignia",2,"flagship",2,0
"392","bureado",-2,"tricked",0,2
"393","burla",-2,"derision",0,2
"394","burla",-2,"mocks",0,2
"395","burlado",-2,"mocked",0,2
"396","burlarse de",-2,"mock",0,2
"397","burlón",-2,"mocking",0,2
"398","burro",-4,"jackass",0,4
"399","cabezas de turco",-2,"scapegoats",0,2
"400","cabildeo",-2,"lobbying",0,2
"401","cabizbajo",-2,"crestfallen",0,2
"402","Cabron",-4,"fucker",0,4
"403","Cabrón",-3,"dumbass",0,3
"404","cadáver",-1,"corpse",0,1
"405","cagado",-3,"screwed up",0,3
"406","caído",-2,"droopy",0,2
"407","caído",-2,"fallen",0,2
"408","caído en desgracia",-2,"disgraced",0,2
"409","calambre",-1,"cramp",0,1
"410","calentar",1,"warm",1,0
"411","calma",2,"calm",2,0
"412","calma",2,"calms",2,0
"413","calmado",2,"calmed",2,0
"414","calmante",2,"calming",2,0
"415","calmante",3,"soothing",3,0
"416","calmar",3,"soothe",3,0
"417","calor",2,"warmth",2,0
"418","cancela",-1,"cancels",0,1
"419","cancelado",-1,"cancelled",0,1
"420","cancelado",-1,"cancelling",0,1
"421","cancelar",-1,"cancel",0,1
"422","cáncer",-1,"cancer",0,1
"423","candidez",-2,"gullibility",0,2
"424","cansado",-2,"tired",0,2
"425","cansado",-2,"weary",0,2
"426","caos",-2,"chaos",0,2
"427","caótico",-2,"chaotic",0,2
"428","capacidad",2,"ability",2,0
"429","capaz",1,"capable",1,0
"430","caprichoso",1,"whimsical",1,0
"431","carcajadas",-2,"screams",0,2
"432","carga",-2,"burden",0,2
"433","cargado",-3,"charged",0,3
"434","cargas",-2,"burdens",0,2
"435","cargos",-2,"charges",0,2
"436","cariño",2,"fondness",2,0
"437","cariñoso",3,"affectionate",3,0
"438","caro",3,"dearly",3,0
"439","Caso omiso",-2,"disregarding",0,2
"440","castiga",-3,"chastises",0,3
"441","castiga",-2,"punishes",0,2
"442","castigado",-3,"chastised",0,3
"443","castigado",-2,"punished",0,2
"444","castigadora",-3,"chastising",0,3
"445","castigar",-3,"chastise",0,3
"446","castigar",-2,"punish",0,2
"447","catástrofe",-3,"catastrophe",0,3
"448","catastrófico",-4,"catastrophic",0,4
"449","cauteloso",-1,"cautious",0,1
"450","cautivado",3,"captivated",3,0
"451","cautivar",3,"enthral",3,0
"452","celebra",3,"celebrates",3,0
"453","celebrado",3,"celebrated",3,0
"454","celebrando",3,"celebrating",3,0
"455","celebrar",3,"celebrate",3,0
"456","celestial",4,"heavenly",4,0
"457","celos",-1,"envying",0,1
"458","celoso",-2,"jealous",0,2
"459","celoso",2,"zealous",2,0
"460","censores",-2,"censors",0,2
"461","censurado",-2,"censored",0,2
"462","censurar",-2,"censor",0,2
"463","ceñudo",-1,"frowning",0,1
"464","cernía",-1,"loomed",0,1
"465","cerveza negra",2,"stout",2,0
"466","chagrined",-2,"chagrined",0,2
"467","chiflado por",2,"infatuated",2,0
"468","chispa",1,"spark",1,0
"469","chistes",2,"jokes",2,0
"470","chistoso",2,"humourous",2,0
"471","chivo expiatorio",-2,"scapegoat",0,2
"472","chocante",-2,"shocking",0,2
"473","chocar",-1,"collide",0,1
"474","choque",-2,"clash",0,2
"475","choque",-2,"crash",0,2
"476","choque",-2,"shock",0,2
"477","choques",-2,"shocks",0,2
"478","chupa",-3,"sucks",0,3
"479","chupar",-3,"suck",0,3
"480","ciego",-1,"blind",0,1
"481","cielo",2,"heaven",2,0
"482","cierto",1,"certain",1,0
"483","cierto",2,"true",2,0
"484","cínico",-2,"cynic",0,2
"485","cínico",-2,"cynical",0,2
"486","cinismo",-2,"cynicism",0,2
"487","claramente",1,"clearly",1,0
"488","claridad",2,"clarity",2,0
"489","claro",1,"clear",1,0
"490","coaccionado",-2,"coerced",0,2
"491","cobarde",-2,"coward",0,2
"492","cobardemente",-2,"cowardly",0,2
"493","cobrar",-2,"cashing in",0,2
"494","Cocksuckers",-5,"cocksuckers",0,5
"495","codicia",-3,"greed",0,3
"496","codicioso",-2,"greedy",0,2
"497","cojo",-2,"lame",0,2
"498","colapsado",-2,"collapsed",0,2
"499","colapso",-2,"collapse",0,2
"500","colapso",-2,"collapsing",0,2
"501","colapsos",-2,"collapses",0,2
"502","colérico",-3,"wrathful",0,3
"503","colisión",-2,"collision",0,2
"504","colisiona",-1,"collides",0,1
"505","colisionando",-1,"colliding",0,1
"506","colisiones",-2,"collisions",0,2
"507","colusión",-3,"colluding",0,3
"508","combate",-1,"combat",0,1
"509","combates",-1,"combats",0,1
"510","comedia",1,"comedy",1,0
"511","cometer",1,"commit",1,0
"512","comodidad",2,"comfort",2,0
"513","comodidad",2,"coziness",2,0
"514","comodidades",2,"comforts",2,0
"515","cómodo",2,"comfortable",2,0
"516","compadecimos",-1,"pitied",0,1
"517","Comparte",1,"shares",1,0
"518","compartido",1,"shared",1,0
"519","compartir",1,"share",1,0
"520","compasivo",2,"compassionate",2,0
"521","competente",2,"competent",2,0
"522","competitivo",2,"competitive",2,0
"523","complacencia",2,"willingness",2,0
"524","comprometido",1,"committed",1,0
"525","comprometiéndose",1,"committing",1,0
"526","compromiso",2,"commitment",2,0
"527","con toda tranquilidad",2,"peacefully",2,0
"528","conceder",1,"grant",1,0
"529","concedido",1,"granted",1,0
"530","concesión",1,"granting",1,0
"531","concilia",2,"conciliates",2,0
"532","conciliado",2,"conciliated",2,0
"533","conciliando",2,"conciliating",2,0
"534","conciliar",2,"conciliate",2,0
"535","condena",-2,"condemns",0,2
"536","condenación",-2,"condemnation",0,2
"537","condenado",-2,"condemned",0,2
"538","condenado",-2,"doomed",0,2
"539","condenado",-2,"sentenced",0,2
"540","condenar",-2,"condemn",0,2
"541","condenar",-2,"doom",0,2
"542","confiado",2,"entrusted",2,0
"543","confiado",2,"reliant",2,0
"544","confianza",2,"confidence",2,0
"545","confianza",1,"trust",1,0
"546","confidente",2,"confident",2,0
"547","conflictiva",-2,"conflictive",0,2
"548","conflicto",-2,"conflict",0,2
"549","conflictos",-2,"conflicts",0,2
"550","confundir",-2,"confuse",0,2
"551","confundir",-2,"mistaking",0,2
"552","confuso",-2,"confused",0,2
"553","confuso",-2,"confusing",0,2
"554","conmocionado",-2,"shocked",0,2
"555","consentimiento",2,"consent",2,0
"556","consentimientos",2,"consents",2,0
"557","consolable",2,"consolable",2,0
"558","consolador",2,"comforting",2,0
"559","conspiración",-3,"conspiracy",0,3
"560","consternados",-2,"dismayed",0,2
"561","constreñido",-2,"constrained",0,2
"562","consumado",2,"accomplished",2,0
"563","contagio",-2,"contagion",0,2
"564","contagios",-2,"contagions",0,2
"565","contagioso",-1,"contagious",0,1
"566","contamina",-2,"polluter",0,2
"567","contamina",-2,"pollutes",0,2
"568","contaminado",-2,"polluted",0,2
"569","contaminadores",-2,"polluters",0,2
"570","contaminar",-2,"pollute",0,2
"571","contencioso",-2,"contentious",0,2
"572","contender",-1,"contend",0,1
"573","contendiendo",-1,"contending",0,1
"574","contendiente",-1,"contender",0,1
"575","contento",3,"happy",3,0
"576","contestable",-2,"contestable",0,2
"577","contradictorio",-2,"conflicting",0,2
"578","contratar",1,"engage",1,0
"579","convence",1,"convinces",1,0
"580","convencer",1,"convince",1,0
"581","convencido",1,"convinced",1,0
"582","convencido",-1,"unconvinced",0,1
"583","convenido",1,"agreed",1,0
"584","coño",-5,"cunt",0,5
"585","coño",-5,"twat",0,5
"586","corazón pesado",-2,"heavyhearted",0,2
"587","correo no deseado",-2,"spam",0,2
"588","cortar",-1,"cut",0,1
"589","corte",-1,"cutting",0,1
"590","cortejar",3,"woo",3,0
"591","cortés",2,"courteous",2,0
"592","Cortés",3,"gracious",3,0
"593","cortesía",2,"courtesy",2,0
"594","cosas interesantes",3,"cool stuff",3,0
"595","costoso",-2,"costly",0,2
"596","creativo",2,"creative",2,0
"597","creciente",1,"growing",1,0
"598","crecimiento",2,"growth",2,0
"599","crédulo",-2,"gullible",0,2
"600","crimen",-3,"crime",0,3
"601","criminal",-3,"criminal",0,3
"602","criminales",-3,"criminals",0,3
"603","crisis",-3,"crisis",0,3
"604","critica",-2,"criticizes",0,2
"605","crítica",-2,"criticism",0,2
"606","criticado",-2,"criticized",0,2
"607","criticar",-2,"criticize",0,2
"608","criticar",-2,"criticizing",0,2
"609","crítico",-2,"critic",0,2
"610","críticos",-2,"critics",0,2
"611","cruel",-3,"cruel",0,3
"612","crueldad",-3,"cruelty",0,3
"613","cubrir",-3,"cover-up",0,3
"614","cuchara",3,"scoop",3,0
"615","cuchillada",-2,"slashing",0,2
"616","cuestionable",-2,"questionable",0,2
"617","cuestionado",-2,"disputed",0,2
"618","cuestionado",-1,"questioned",0,1
"619","cuidado",2,"care",2,0
"620","cuidados",2,"cares",2,0
"621","cuidadosamente",2,"carefully",2,0
"622","cuidadoso",2,"careful",2,0
"623","culo",-4,"ass",0,4
"624","culpa",-3,"guilt",0,3
"625","culpable",-3,"guilty",0,3
"626","culpada",-2,"blamed",0,2
"627","culpando",-2,"blaming",0,2
"628","Cumple",2,"fulfills",2,0
"629","cumplido",2,"fulfilled",2,0
"630","cumplir",2,"fulfill",2,0
"631","curioso",1,"curious",1,0
"632","curioso",-2,"nosey",0,2
"633","da la bienvenida",2,"welcomes",2,0
"634","dañar",-3,"damage",0,3
"635","daño",-2,"harm",0,2
"636","daño",-2,"hurting",0,2
"637","daños",-2,"harms",0,2
"638","daños y perjuicios",-3,"damages",0,3
"639","de acuerdo",1,"agree",1,0
"640","de buen tono",3,"classy",3,0
"641","de confianza",2,"trusted",2,0
"642","de miedo",-2,"scary",0,2
"643","de mierda",-3,"shitty",0,3
"644","de poco mérito",-2,"undeserving",0,2
"645","débil",-2,"feeble",0,2
"646","débiles",-2,"weak",0,2
"647","debilidad",-2,"weakness",0,2
"648","debilitante",-2,"wasting",0,2
"649","decepción",-2,"disappointment",0,2
"650","decepciona",-2,"disappoints",0,2
"651","decepcionado",-2,"disappointed",0,2
"652","decepcionante",-2,"disappointing",0,2
"653","decepcionar",-2,"disappoint",0,2
"654","decepciones",-2,"disappointments",0,2
"655","decir ah",2,"ha",2,0
"656","decisivo",1,"decisive",1,0
"657","dedicado",2,"dedicated",2,0
"658","defecto",-3,"defect",0,3
"659","defecto",-2,"failing",0,2
"660","defectos",-3,"defects",0,3
"661","defensor",2,"defender",2,0
"662","defensores",2,"defenders",2,0
"663","déficit",-2,"deficit",0,2
"664","defraudador",-4,"fraudster",0,4
"665","defraudadores",-4,"fraudsters",0,4
"666","degradado",-2,"degraded",0,2
"667","degradar",-2,"degrade",0,2
"668","dejar",-1,"leave",0,1
"669","dejecting",-2,"dejecting",0,2
"670","dejects",-2,"dejects",0,2
"671","delanteros",-2,"strikers",0,2
"672","deleitando",3,"delighting",3,0
"673","deleite",3,"delight",3,0
"674","delicado",-3,"killed",0,3
"675","delicias",3,"delights",3,0
"676","delincuente",-2,"offender",0,2
"677","delito",-3,"felony",0,3
"678","delitos",-3,"felonies",0,3
"679","demanda",-1,"demand",0,1
"680","demanda judicial",-2,"lawsuit",0,2
"681","demandar",-2,"suing",0,2
"682","demandas",-1,"demands",0,1
"683","demandas",-2,"lawsuits",0,2
"684","demostración",-1,"demonstration",0,1
"685","denuncia",-2,"denounces",0,2
"686","denunciar",-2,"denounce",0,2
"687","deprimente",-2,"depressing",0,2
"688","Deprimido",-2,"depressed",0,2
"689","Derecho",1,"straight",1,0
"690","Deriding",-2,"deriding",0,2
"691","derrotado",-2,"defeated",0,2
"692","desacreditada",-2,"discredited",0,2
"693","desafiante",-1,"defiant",0,1
"694","desagradable",-3,"obnoxious",0,3
"695","desairado",-2,"snubbed",0,2
"696","desaire",-2,"snub",0,2
"697","desaires",-2,"snubs",0,2
"698","desalojo",-1,"eviction",0,1
"699","desanimado",-2,"discouraged",0,2
"700","desanimado",-2,"downhearted",0,2
"701","desaparece",-1,"disappears",0,1
"702","desaparecer",-1,"disappear",0,1
"703","desaparecido",-1,"disappeared",0,1
"704","desaparecido",-2,"missing",0,2
"705","desasosiego",-2,"disquiet",0,2
"706","desastre",-2,"disaster",0,2
"707","desastres",-2,"disasters",0,2
"708","desastroso",-3,"disastrous",0,3
"709","desatiende",-2,"disregards",0,2
"710","descalificado",-2,"disqualified",0,2
"711","descarrila",-2,"derails",0,2
"712","descarrilado",-2,"derailed",0,2
"713","descartado",-1,"discarded",0,1
"714","descarte",-1,"discard",0,1
"715","descarte",-1,"discarding",0,1
"716","descartes",-1,"discards",0,1
"717","desconcertado",-2,"embarrassed",0,2
"718","desconectado",-1,"offline",0,1
"719","desconfiado",-3,"distrustful",0,3
"720","desconfianza",-3,"distrust",0,3
"721","desconsiderado",-2,"inconsiderate",0,2
"722","desconsiderado",-2,"thoughtless",0,2
"723","desconsolado",-2,"disconsolate",0,2
"724","desconsolado",-2,"woebegone",0,2
"725","desconsuelo",-2,"disconsolation",0,2
"726","descontento",-2,"discontented",0,2
"727","descorazonado",-2,"disheartened",0,2
"728","descuento",-1,"discounted",0,1
"729","descuidado",-2,"careless",0,2
"730","descuidado",-2,"neglected",0,2
"731","descuido",-2,"neglecting",0,2
"732","desdén",-2,"disdain",0,2
"733","desdén",-2,"scorn",0,2
"734","desdeñosamente",-2,"contemptuously",0,2
"735","desdeñoso",-2,"contemptuous",0,2
"736","desdeñoso",-2,"scornful",0,2
"737","deseable",2,"desirable",2,0
"738","deseado",2,"desired",2,0
"739","deseando",1,"wishing",1,0
"740","desempleo",-2,"unemployment",0,2
"741","desenfocado",-2,"unfocused",0,2
"742","deseo",1,"desire",1,0
"743","deseo",1,"wish",1,0
"744","deseos",1,"wishes",1,0
"745","deseoso",2,"desirous",2,0
"746","desesperación",-3,"despair",0,3
"747","desesperación",-2,"hopelessness",0,2
"748","desesperaciones",-3,"despairs",0,3
"749","desesperadamente",-3,"desperately",0,3
"750","desesperado",-3,"despairing",0,3
"751","desesperado",-3,"desperate",0,3
"752","desestimación",-1,"underestimating",0,1
"753","desestructurado",-2,"disorganized",0,2
"754","desfases",-2,"lags",0,2
"755","desgracia",-2,"disgrace",0,2
"756","deshecho",-1,"dumps",0,1
"757","deshonesto",-2,"dishonest",0,2
"758","deshumaniza",-2,"dehumanizes",0,2
"759","deshumanizado",-2,"dehumanized",0,2
"760","deshumanizante",-2,"dehumanizing",0,2
"761","deshumanizar",-2,"dehumanize",0,2
"762","desigual",-1,"unequal",0,1
"763","desilusionado",-2,"disillusioned",0,2
"764","desinformación",-2,"misinformation",0,2
"765","desmoralizado",-2,"demoralized",0,2
"766","desmotivado",-2,"unmotivated",0,2
"767","desorientado",-2,"disoriented",0,2
"768","despectivo",-2,"disparaging",0,2
"769","despedido",-2,"fired",0,2
"770","despejado",1,"cleared",1,0
"771","desperdicios",-2,"refuse",0,2
"772","despistados",-2,"clueless",0,2
"773","despotricar",-3,"rant",0,3
"774","desprecio",-2,"contempt",0,2
"775","despreocupado",1,"carefree",1,0
"776","despreocupado",-2,"unconcerned",0,2
"777","destellos",3,"sparkles",3,0
"778","desterrar",-1,"banish",0,1
"779","destrozada",-2,"shattered",0,2
"780","destrucción",-3,"destruction",0,3
"781","destructivo",-3,"destructive",0,3
"782","destruido",-3,"destroyed",0,3
"783","destruir",-3,"destroy",0,3
"784","destruye",-3,"destroys",0,3
"785","destruyendo",-3,"destroying",0,3
"786","desventaja",-2,"disadvantage",0,2
"787","desventaja",-2,"downside",0,2
"788","desventurado",-2,"hapless",0,2
"789","detención",-2,"detention",0,2
"790","detenciones",-2,"arrests",0,2
"791","detener",-2,"detain",0,2
"792","detener",-1,"stop",0,1
"793","detenido",-3,"arrested",0,3
"794","detenido",-2,"detained",0,2
"795","detenido",-1,"stopped",0,1
"796","determinado",2,"determined",2,0
"797","detestado",-3,"loathed",0,3
"798","detestar",-3,"loathe",0,3
"799","deuda",-2,"debt",0,2
"800","devastado",-2,"devastated",0,2
"801","devastador",-2,"devastating",0,2
"802","devastar",-2,"devastate",0,2
"803","devoto",3,"devoted",3,0
"804","diamante",1,"diamond",1,0
"805","difamatorio",-2,"libelous",0,2
"806","difícil",-1,"difficult",0,1
"807","difícil",-1,"hard",0,1
"808","difícil",-2,"uneasy",0,2
"809","difiriendo",-1,"deferring",0,1
"810","digno",2,"worthy",2,0
"811","dilema",-1,"dilemma",0,1
"812","Dios",1,"god",1,0
"813","dipshit",-3,"dipshit",0,3
"814","dirección correcta",3,"right direction",3,0
"815","discordia",-2,"discord",0,2
"816","disculpa",-1,"apologising",0,1
"817","disculpa",-1,"apologizing",0,1
"818","disculpa",-1,"apology",0,1
"819","disculpó",-1,"apologised",0,1
"820","disculpó",-1,"apologized",0,1
"821","disfraces",-1,"disguises",0,1
"822","disfraz",-1,"disguise",0,1
"823","disfrazado",-1,"disguised",0,1
"824","disfrazado",-1,"disguising",0,1
"825","disfruta",2,"enjoys",2,0
"826","disfrutando",2,"enjoying",2,0
"827","disfrutar",2,"enjoy",2,0
"828","disfunción",-2,"dysfunction",0,2
"829","disgustado",-3,"disgusted",0,3
"830","disgustado",-2,"displeased",0,2
"831","disgusto",-2,"chagrin",0,2
"832","disgusto",-2,"dislike",0,2
"833","disinclined",-2,"disinclined",0,2
"834","disparar",-1,"shoot",0,1
"835","disparates",-2,"nonsense",0,2
"836","disparo",-2,"firing",0,2
"837","disputa",-2,"dispute",0,2
"838","disputando",-2,"disputing",0,2
"839","disputas",-2,"disputes",0,2
"840","disrespected",-2,"disrespected",0,2
"841","disruptivo",-2,"disruptive",0,2
"842","distorsiona",-2,"distorts",0,2
"843","distorsionado",-2,"distorted",0,2
"844","distorsionar",-2,"distort",0,2
"845","distorsionista",-2,"distorting",0,2
"846","distracción",-2,"distraction",0,2
"847","distrae",-2,"distracts",0,2
"848","distraer",-2,"distract",0,2
"849","distraído",-2,"distracted",0,2
"850","disturbios",-2,"riots",0,2
"851","diversión",3,"amusement",3,0
"852","diversiones",3,"amusements",3,0
"853","divertidísimo",2,"hilarious",2,0
"854","divertido",3,"amused",3,0
"855","divertido",4,"fun",4,0
"856","dolor",-2,"ache",0,2
"857","dolor",-2,"aching",0,2
"858","dolor",-2,"grief",0,2
"859","dolor",-2,"pain",0,2
"860","dolor",-2,"sorrow",0,2
"861","dolorido",-2,"pained",0,2
"862","dolorido",-1,"sore",0,1
"863","doloroso",-2,"dolorous",0,2
"864","ducha",-3,"douche",0,3
"865","duda",-1,"doubt",0,1
"866","dudado",-1,"doubted",0,1
"867","dudas",-1,"doubts",0,1
"868","dudoso",-1,"doubtful",0,1
"869","dudoso",-2,"dubious",0,2
"870","duele",-2,"hurts",0,2
"871","dulce",2,"sweet",2,0
"872","duro",-2,"harsh",0,2
"873","echar a perder",-2,"messing up",0,2
"874","eficaz",2,"effective",2,0
"875","eficazmente",2,"effectively",2,0
"876","egoísmo",-3,"selfishness",0,3
"877","egoísta",-3,"selfish",0,3
"878","ejecuciones",-2,"foreclosures",0,2
"879","el alivio",2,"relieving",2,0
"880","el corazón roto",-3,"heartbroken",0,3
"881","elación",3,"elation",3,0
"882","elegante",2,"chic",2,0
"883","elegante",2,"debonair",2,0
"884","elegante",2,"elegant",2,0
"885","elogiado",2,"commended",2,0
"886","elogiar",2,"commend",2,0
"887","embaraza",-2,"embarrasses",0,2
"888","embarazoso",-2,"embarrassing",0,2
"889","embaucar",-2,"bamboozle",0,2
"890","embellecer",3,"beautify",3,0
"891","emergencia",-2,"emergency",0,2
"892","emoción",3,"excitement",3,0
"893","emocionado",2,"agog",2,0
"894","emocionado",3,"excited",3,0
"895","emocionante",3,"exciting",3,0
"896","empalaga;",-3,"loathes",0,3
"897","empático",2,"empathetic",2,0
"898","empeora",-3,"worsens",0,3
"899","empeorado",-3,"worsened",0,3
"900","empeoramiento",-3,"worsening",0,3
"901","empeorar",-3,"worsen",0,3
"902","empequeñecer",-2,"belittle",0,2
"903","empollando",-2,"brooding",0,2
"904","emprendedor",1,"enterprising",1,0
"905","en mal estado",-2,"messed",0,2
"906","encalar",-3,"whitewash",0,3
"907","encantada",2,"enchanted",2,0
"908","Encantado",3,"delighted",3,0
"909","encantador",3,"charming",3,0
"910","encantador",3,"lovely",3,0
"911","encantados",5,"thrilled",5,0
"912","encanto",3,"charm",3,0
"913","encarcelado",-2,"imprisoned",0,2
"914","encarcelado",-2,"jailed",0,2
"915","enconado",-2,"inflamed",0,2
"916","endosado",2,"endorsed",2,0
"917","endosar",2,"endorse",2,0
"918","enemigo",-2,"enemy",0,2
"919","enemigos",-2,"enemies",0,2
"920","enemigos",-3,"haters",0,3
"921","energético",2,"energetic",2,0
"922","enérgico",2,"brisk",2,0
"923","enérgico",2,"spirited",2,0
"924","enfado",-3,"anger",0,3
"925","enfermedad",-2,"illness",0,2
"926","enfermedades",-2,"illnesses",0,2
"927","enfermo",-2,"ill",0,2
"928","enfermos",-2,"sick",0,2
"929","enfocado",2,"focused",2,0
"930","enfurece",-2,"infuriates",0,2
"931","Enfurecedora",-2,"enraging",0,2
"932","enfurecer",-2,"enrage",0,2
"933","enfurecer",-2,"infuriate",0,2
"934","enfurecido",-2,"enraged",0,2
"935","enfurecido",-2,"infuriated",0,2
"936","engancha",1,"engages",1,0
"937","engaña",-3,"deceives",0,3
"938","engañado",-2,"bamboozled",0,2
"939","engañado",-3,"cheated",0,3
"940","engañado",-3,"deceived",0,3
"941","engañado",-2,"duped",0,2
"942","engañar",-3,"cheat",0,3
"943","engañar",-3,"deceive",0,3
"944","engañar",-2,"dupe",0,2
"945","engaño",-3,"deceit",0,3
"946","engaño",-3,"deception",0,3
"947","engañoso",-3,"deceitful",0,3
"948","engañoso",-3,"deceiving",0,3
"949","engañoso",-3,"misleading",0,3
"950","engreído",-2,"cocky",0,2
"951","enhorabuena",2,"congratulation",2,0
"952","enjuicia",-1,"prosecutes",0,1
"953","enjuiciamiento",-1,"prosecution",0,1
"954","enjuiciar",-1,"prosecute",0,1
"955","enloquecedor",-3,"maddening",0,3
"956","enojado",-3,"angry",0,3
"957","enojado",-3,"mad",0,3
"958","enorme",1,"huge",1,0
"959","enragés",-2,"enrages",0,2
"960","ensordecedor",-1,"deafening",0,1
"961","entender mal",-2,"misunderstand",0,2
"962","entiende mal",-2,"misunderstands",0,2
"963","entretener",3,"amuse",3,0
"964","entretenido",2,"entertaining",2,0
"965","entristecer",-2,"sadden",0,2
"966","entristecido",-2,"saddened",0,2
"967","entumecido",-1,"numb",0,1
"968","entusiasta",3,"enthusiastic",3,0
"969","envenenado",-2,"poisoned",0,2
"970","envidia",-1,"envy",0,1
"971","envidias",-1,"envies",0,1
"972","envidioso",-2,"envious",0,2
"973","envío de correo basura",-2,"spamming",0,2
"974","equivocado",-2,"mistaken",0,2
"975","erróneo",-2,"erroneous",0,2
"976","error",-2,"error",0,2
"977","Error",-2,"mistake",0,2
"978","errores",-2,"errors",0,2
"979","errores",-2,"mistakes",0,2
"980","erupción",-2,"rash",0,2
"981","es una pena",-2,"ashame",0,2
"982","escalofriante",-1,"chilling",0,1
"983","escándalo",-3,"scandal",0,3
"984","escándalos",-3,"scandals",0,3
"985","escandaloso",-3,"scandalous",0,3
"986","escapa",-1,"escapes",0,1
"987","escapar",-1,"escape",0,1
"988","escapar",-1,"escaping",0,1
"989","escasez",-2,"shortage",0,2
"990","escasez",-2,"shortages",0,2
"991","escepticismo",-2,"skepticism",0,2
"992","escéptico",-2,"sceptical",0,2
"993","escéptico",-2,"skeptic",0,2
"994","escéptico",-2,"skeptical",0,2
"995","escépticos",-2,"skeptics",0,2
"996","esclarecedor",2,"enlightening",2,0
"997","esclavitud",-3,"slavery",0,3
"998","esclaviza",-2,"enslaves",0,2
"999","esclavizado",-2,"enslaved",0,2
"1000","esclavizar",-2,"enslave",0,2
"1001","esconder",-1,"hide",0,1
"1002","escondido",-1,"hid",0,1
"1003","escoria",-4,"scumbag",0,4
"1004","esmeradamente",2,"elegantly",2,0
"1005","espalda",1,"backs",1,0
"1006","espantado",-2,"aghast",0,2
"1007","especulativo",-2,"speculative",0,2
"1008","Espera",-1,"awaits",0,1
"1009","esperado",-1,"awaited",0,1
"1010","esperando",2,"hoping",2,0
"1011","esperanza",2,"hope",2,0
"1012","esperanzado",2,"hopeful",2,0
"1013","esperanzas",2,"hopes",2,0
"1014","esperar",-1,"await",0,1
"1015","espinoso",-2,"thorny",0,2
"1016","espíritu",1,"spirit",1,0
"1017","espléndido",3,"splendid",3,0
"1018","espumoso",3,"sparkling",3,0
"1019","está de acuerdo",1,"agrees",1,0
"1020","está de duelo",-2,"mourns",0,2
"1021","estable",2,"stable",2,0
"1022","establecido",1,"vested",1,0
"1023","estafa",-2,"scam",0,2
"1024","estafa",-3,"swindle",0,3
"1025","estafas",-2,"scams",0,2
"1026","estafas",-3,"swindles",0,3
"1027","estampida",-2,"stampede",0,2
"1028","estancado",-2,"stalled",0,2
"1029","estancamiento",-2,"stalling",0,2
"1030","estar al acecho",-1,"lurk",0,1
"1031","estereotipo",-2,"stereotype",0,2
"1032","esteriotipado",-2,"stereotyped",0,2
"1033","estimado",3,"admired",3,0
"1034","estimado",2,"esteemed",2,0
"1035","estimula",1,"stimulates",1,0
"1036","estimulado",1,"stimulated",1,0
"1037","estimulante",3,"exhilarating",3,0
"1038","estimulante",2,"stimulating",2,0
"1039","estimular",1,"stimulate",1,0
"1040","estragos",-2,"havoc",0,2
"1041","estrangulado",-2,"choked",0,2
"1042","estrangulado",-2,"strangled",0,2
"1043","estranguladores",-2,"chokes",0,2
"1044","estresado",-2,"stressed",0,2
"1045","estresor",-2,"stressor",0,2
"1046","estupendo",3,"great",3,0
"1047","estupendo",4,"terrific",4,0
"1048","estúpidamente",-2,"stupidly",0,2
"1049","Estúpido",-4,"asshole",0,4
"1050","estúpido",-2,"stupid",0,2
"1051","ético",2,"ethical",2,0
"1052","euforia",3,"euphoria",3,0
"1053","eufórico",4,"euphoric",4,0
"1054","evita",-1,"averts",0,1
"1055","Evita",-1,"avoids",0,1
"1056","evitado",-1,"averted",0,1
"1057","evitado",-1,"avoided",0,1
"1058","evitar",-1,"avert",0,1
"1059","evitar",-1,"avoid",0,1
"1060","evitar",-1,"prevent",0,1
"1061","exagera",-2,"exaggerates",0,2
"1062","exageración",-2,"overstatement",0,2
"1063","exageraciones",-2,"overstatements",0,2
"1064","exagerado",-2,"exaggerated",0,2
"1065","exagerando",-2,"exaggerating",0,2
"1066","exagerar",-2,"exaggerate",0,2
"1067","exagerar",-2,"oversell",0,2
"1068","exaltado",3,"elated",3,0
"1069","exasperada",2,"exasperated",2,0
"1070","exasperante",-2,"infuriating",0,2
"1071","excelencia",3,"excellence",3,0
"1072","excelente",3,"excellent",3,0
"1073","excepcional",5,"outstanding",5,0
"1074","exceso de peso",-1,"overweight",0,1
"1075","excitar",3,"excite",3,0
"1076","excluidos",-2,"excluded",0,2
"1077","excluir",-1,"exclude",0,1
"1078","exclusión",-1,"exclusion",0,1
"1079","exclusivo",2,"exclusive",2,0
"1080","excusa",-1,"excuse",0,1
"1081","exhaustivo",2,"comprehensive",2,0
"1082","exigente",-1,"demanding",0,1
"1083","exigido",-1,"demanded",0,1
"1084","eximir",-1,"exempt",0,1
"1085","éxito",2,"success",2,0
"1086","éxito de taquilla",3,"blockbuster",3,0
"1087","exitoso",3,"successful",3,0
"1088","exonera",2,"exonerates",2,0
"1089","exonerado",2,"exonerated",2,0
"1090","exonerando",2,"exonerating",2,0
"1091","exonerar",2,"exonerate",2,0
"1092","expande",1,"expands",1,0
"1093","expandir",1,"expand",1,0
"1094","exploits",-2,"exploits",0,2
"1095","exploración",1,"exploration",1,0
"1096","exploraciones",1,"explorations",1,0
"1097","explotado",-2,"exploited",0,2
"1098","explotado",-2,"wronged",0,2
"1099","explotando",-2,"exploiting",0,2
"1100","explotar",-2,"exploit",0,2
"1101","expone",-1,"exposes",0,1
"1102","exponer",-1,"expose",0,1
"1103","exposición",-1,"exposing",0,1
"1104","expuesto",-1,"exposed",0,1
"1105","expulsa",-2,"expels",0,2
"1106","expulsado",-2,"expelled",0,2
"1107","expulsando",-2,"expelling",0,2
"1108","expulsar",-2,"expel",0,2
"1109","extasiar",3,"enrapture",3,0
"1110","éxtasis",2,"raptures",2,0
"1111","extático",4,"ecstatic",4,0
"1112","extático",4,"rapturous",4,0
"1113","extrañamente",-1,"strangely",0,1
"1114","extraño",-2,"bizarre",0,2
"1115","extraño",-1,"strange",0,1
"1116","extraño",-2,"weird",0,2
"1117","exuberante",4,"exuberant",4,0
"1118","exultante",3,"exultantly",3,0
"1119","fabuloso",4,"fabulous",4,0
"1120","fácil",1,"easy",1,0
"1121","facilitar",2,"ease",2,0
"1122","factores de estrés",-2,"stressors",0,2
"1123","faggots",-3,"faggots",0,3
"1124","falla",-2,"fails",0,2
"1125","fallar",-2,"fail",0,2
"1126","falsificación",-3,"faking",0,3
"1127","falsificaciones",-3,"fakes",0,3
"1128","falsificado",-3,"falsified",0,3
"1129","falsificar",-3,"falsify",0,3
"1130","falso",-2,"dud",0,2
"1131","falso",-3,"fake",0,3
"1132","falta de respeto",-2,"disrespect",0,2
"1133","fama",1,"fame",1,0
"1134","famélico",-2,"starved",0,2
"1135","fanático",-2,"zealot",0,2
"1136","fanáticos",-2,"zealots",0,2
"1137","fantasma",-1,"ghost",0,1
"1138","fantástico",4,"fantastic",4,0
"1139","farsa",-1,"farce",0,1
"1140","farsa",-2,"hoax",0,2
"1141","fascina",3,"fascinates",3,0
"1142","fascinado",3,"fascinated",3,0
"1143","fascinante",3,"fascinating",3,0
"1144","fascinar",3,"fascinate",3,0
"1145","fascista",-2,"fascist",0,2
"1146","fascistas",-2,"fascists",0,2
"1147","fastidioso",-2,"bothersome",0,2
"1148","fatalidad",-3,"fatality",0,3
"1149","fatiga",-2,"fatigue",0,2
"1150","fatigado",-2,"fatigued",0,2
"1151","fatigas",-2,"fatigues",0,2
"1152","fatigoso",-2,"fatiguing",0,2
"1153","favor",2,"favor",2,0
"1154","favorecido",2,"favored",2,0
"1155","favores",2,"favors",2,0
"1156","favorito",2,"favorite",2,0
"1157","favorito",2,"favorited",2,0
"1158","favoritos",2,"favorites",2,0
"1159","fe",1,"faith",1,0
"1160","felicidad",3,"bliss",3,0
"1161","felicidad",3,"happiness",3,0
"1162","felicidades",2,"congrats",2,0
"1163","felicitaciones",2,"congratulations",2,0
"1164","felicitar",2,"congratulate",2,0
"1165","feliz",3,"blissful",3,0
"1166","feo",-3,"ugly",0,3
"1167","ferviente",2,"fervent",2,0
"1168","fervoroso",2,"fervid",2,0
"1169","festivo",2,"festive",2,0
"1170","fiasco",-3,"fiasco",0,3
"1171","fiel",3,"faithful",3,0
"1172","filtrada",-1,"leaked",0,1
"1173","finge",-1,"pretends",0,1
"1174","fingir",-1,"pretend",0,1
"1175","firme",2,"steadfast",2,0
"1176","flop",-2,"flops",0,2
"1177","fóbico",-2,"phobic",0,2
"1178","follada",-4,"fucked",0,4
"1179","fortalece",2,"strengthens",2,0
"1180","fortalecer",2,"strengthen",2,0
"1181","fortalecimiento",2,"strengthening",2,0
"1182","fortificado",2,"strengthened",2,0
"1183","forzado",-1,"forced",0,1
"1184","fracaso",-2,"failure",0,2
"1185","fracaso",-2,"flop",0,2
"1186","fracasos",-2,"failures",0,2
"1187","frase",-2,"sentence",0,2
"1188","frases",-2,"sentences",0,2
"1189","fraude",-4,"fraud",0,4
"1190","fraude",-4,"fraudulence",0,4
"1191","fraudes",-4,"frauds",0,4
"1192","fraudulento",-4,"fraudulent",0,4
"1193","frenesí",-3,"frenzy",0,3
"1194","frenético",-1,"frantic",0,1
"1195","Fresco",1,"fresh",1,0
"1196","frikin",-2,"frikin",0,2
"1197","frotis",-2,"smear",0,2
"1198","frustra",-2,"frustrates",0,2
"1199","frustración",-2,"frustration",0,2
"1200","frustrado",-2,"frustrated",0,2
"1201","frustrado",-2,"thwarted",0,2
"1202","frustrante",-2,"frustrating",0,2
"1203","frustrar",-2,"frustrate",0,2
"1204","frustrar",-2,"thwart",0,2
"1205","frustrar",-2,"thwarting",0,2
"1206","ftw",3,"ftw",3,0
"1207","Fuckface",-4,"fuckface",0,4
"1208","fuckhead",-4,"fuckhead",0,4
"1209","fucktard",-4,"fucktard",0,4
"1210","FUD",-3,"fud",0,3
"1211","fuego",-2,"fire",0,2
"1212","fuerte",2,"strong",2,0
"1213","fuerza",2,"strength",2,0
"1214","fuga",-1,"leak",0,1
"1215","fuked",-4,"fuked",0,4
"1216","fuking",-4,"fuking",0,4
"1217","fumante",-2,"fuming",0,2
"1218","funeral",-1,"funeral",0,1
"1219","funerales",-1,"funerals",0,1
"1220","furioso",-3,"furious",0,3
"1221","furtivo",-1,"sneaky",0,1
"1222","fútil",2,"futile",2,0
"1223","galante",3,"gallant",3,0
"1224","galantería",3,"gallantry",3,0
"1225","galardonado",3,"awarded",3,0
"1226","gallardamente",3,"gallantly",3,0
"1227","gamberrismo",-2,"hooliganism",0,2
"1228","gamberro",-2,"hooligan",0,2
"1229","ganado",2,"gained",2,0
"1230","ganador",4,"winner",4,0
"1231","ganancia",2,"gain",2,0
"1232","ganancias",2,"gains",2,0
"1233","ganando",2,"gaining",2,0
"1234","ganar",4,"win",4,0
"1235","garantía",1,"guarantee",1,0
"1236","gemía",-2,"moaned",0,2
"1237","gemido",-2,"moan",0,2
"1238","gemidos",-2,"moaning",0,2
"1239","gemidos",-2,"moans",0,2
"1240","generoso",2,"generous",2,0
"1241","genial",3,"genial",3,0
"1242","gilipollas",-4,"dickhead",0,4
"1243","gilipollas",-3,"douchebag",0,3
"1244","gilipollas",-4,"shithead",0,4
"1245","gilipollas",-3,"wanker",0,3
"1246","glamour",3,"glamourous",3,0
"1247","gloria",2,"glory",2,0
"1248","glorioso",2,"glorious",2,0
"1249","golpe",-2,"slam",0,2
"1250","golpeado",-1,"struck",0,1
"1251","gorrón",-2,"bummer",0,2
"1252","gracia",1,"grace",1,0
"1253","gracias",2,"thank",2,0
"1254","Gracias",2,"thanks",2,0
"1255","gracioso",4,"funny",4,0
"1256","grande",1,"big",1,0
"1257","grandioso",3,"grand",3,0
"1258","granizado",2,"hailed",2,0
"1259","granizo",2,"hail",2,0
"1260","gratificación",2,"gratification",2,0
"1261","gratificante",2,"rewarding",2,0
"1262","gratis",1,"free",1,0
"1263","grave",-2,"severe",0,2
"1264","greenwasher",-3,"greenwasher",0,3
"1265","greenwashers",-3,"greenwashers",0,3
"1266","gripe",-2,"flu",0,2
"1267","gris",-1,"gray",0,1
"1268","gris",-1,"grey",0,1
"1269","gritado",-2,"screamed",0,2
"1270","gritando",-2,"screaming",0,2
"1271","gritar",-2,"scream",0,2
"1272","grito",-2,"outcry",0,2
"1273","guarida",-1,"haunt",0,1
"1274","Guau",4,"wow",4,0
"1275","guay",1,"cool",1,0
"1276","guerra",-2,"war",0,2
"1277","guerra",-2,"warfare",0,2
"1278","gustó",2,"liked",2,0
"1279","gustos",2,"likes",2,0
"1280","ha fallado",-2,"failed",0,2
"1281","hábil",2,"nifty",2,0
"1282","habilidades",2,"abilities",2,0
"1283","hacer daño",-2,"harming",0,2
"1284","hacer descarrilar",-2,"derail",0,2
"1285","hacha",-1,"axe",0,1
"1286","hackeado",-1,"hacked",0,1
"1287","hahahah",3,"hahahah",3,0
"1288","hambre",-2,"hunger",0,2
"1289","harto",-3,"fed up",0,3
"1290","herir",-2,"hurt",0,2
"1291","hermosa",3,"beautiful",3,0
"1292","hermosamente",3,"beautifully",3,0
"1293","héroe",2,"hero",2,0
"1294","héroes",2,"heroes",2,0
"1295","heroico",3,"heroic",3,0
"1296","hijo de puta",-5,"motherfucker",0,5
"1297","Hijo de puta",-5,"son-of-a-bitch",0,5
"1298","hijos de puta",-4,"fuckers",0,4
"1299","hipócrita",-2,"hypocritical",0,2
"1300","histeria",-3,"hysteria",0,3
"1301","histérico",-3,"hysterical",0,3
"1302","histerismo",-3,"hysterics",0,3
"1303","homenaje",2,"honoring",2,0
"1304","homenaje",2,"honouring",2,0
"1305","honesto",2,"honest",2,0
"1306","honor",2,"honor",2,0
"1307","honor",2,"honour",2,0
"1308","honrado",2,"honored",2,0
"1309","honrado",2,"honoured",2,0
"1310","hooligans",-2,"hooligans",0,2
"1311","horrendo",-3,"horrendous",0,3
"1312","horrendo",-3,"horrific",0,3
"1313","horrible",-3,"awful",0,3
"1314","horrible",-3,"direful",0,3
"1315","horrible",-3,"horrible",0,3
"1316","horrorizado",-3,"horrified",0,3
"1317","hosco",-2,"sullen",0,2
"1318","hostil",-2,"hostile",0,2
"1319","Huelga",-1,"strike",0,1
"1320","huelgas",-1,"strikes",0,1
"1321","humerous",3,"humerous",3,0
"1322","humillación",-3,"humiliation",0,3
"1323","humillado",-3,"humiliated",0,3
"1324","humor",2,"humor",2,0
"1325","humor",2,"humour",2,0
"1326","humorístico",2,"humorous",2,0
"1327","Hurra",5,"hurrah",5,0
"1328","huye",-1,"flees",0,1
"1329","idiota",-3,"idiot",0,3
"1330","idiota",-3,"idiotic",0,3
"1331","idiota",-3,"moron",0,3
"1332","ignora",-1,"ignores",0,1
"1333","ignorado",-2,"disregarded",0,2
"1334","ignorado",-2,"ignored",0,2
"1335","ignorancia",-2,"ignorance",0,2
"1336","ignorante",-2,"ignorant",0,2
"1337","ignorar",-1,"ignore",0,1
"1338","ilegal",-3,"illegal",0,3
"1339","Ilumina",2,"enlightens",2,0
"1340","iluminar",2,"enlighten",2,0
"1341","ilustrado",2,"enlightened",2,0
"1342","imbécil",-3,"imbecile",0,3
"1343","imbécil",-3,"jerk",0,3
"1344","imbécil",-2,"mindless",0,2
"1345","impaciente",-2,"impatient",0,2
"1346","impar",-2,"odd",0,2
"1347","Imparable",2,"unstoppable",2,0
"1348","imparcial",2,"unbiased",2,0
"1349","impedido",-1,"prevented",0,1
"1350","imperfecto",-2,"imperfect",0,2
"1351","impermeable",2,"slicker",2,0
"1352","implacable",-1,"relentless",0,1
"1353","impone",-1,"imposes",0,1
"1354","imponente",-1,"imposing",0,1
"1355","imponer",-1,"impose",0,1
"1356","importancia",2,"importance",2,0
"1357","importante",2,"important",2,0
"1358","importar",1,"matter",1,0
"1359","impotente",-2,"impotent",0,2
"1360","impotente",-2,"powerless",0,2
"1361","impresiona",3,"impresses",3,0
"1362","impresionado",3,"impressed",3,0
"1363","impresionado",-2,"unimpressed",0,2
"1364","impresionante",3,"impressive",3,0
"1365","impresionar",3,"impress",3,0
"1366","impuesto",-1,"imposed",0,1
"1367","impulsado",1,"boosted",1,0
"1368","impulsar",1,"boosting",1,0
"1369","inacción",-2,"inaction",0,2
"1370","inaceptable",-2,"unacceptable",0,2
"1371","inadecuado",-2,"inadequate",0,2
"1372","incapacidad",-2,"inability",0,2
"1373","incapacitado",-2,"incapacitated",0,2
"1374","incapacitante",-1,"disabling",0,1
"1375","incapaz",-2,"incapable",0,2
"1376","incierto",-1,"uncertain",0,1
"1377","incómodo",-2,"uncomfortable",0,2
"1378","incompetencia",-2,"incompetence",0,2
"1379","incompetente",-2,"incompetent",0,2
"1380","incomprendido",-2,"misunderstood",0,2
"1381","inconexo",-2,"disjointed",0,2
"1382","inconfirmado",-1,"unconfirmed",0,1
"1383","inconsciente",-2,"unaware",0,2
"1384","inconveniencia",-2,"inconvenience",0,2
"1385","inconveniente",-2,"inconvenient",0,2
"1386","incorrecto",-2,"wrong",0,2
"1387","incrédulo",-1,"unbelieving",0,1
"1388","increíble",4,"awesome",4,0
"1389","increíble",-1,"unbelievable",0,1
"1390","incrementar",1,"increase",1,0
"1391","incumplida",-2,"unfulfilled",0,2
"1392","indeciso",-2,"indecisive",0,2
"1393","indeciso",-1,"undecided",0,1
"1394","indefenso",-2,"defenseless",0,2
"1395","indefenso",-2,"helpless",0,2
"1396","indeseable",-2,"undesirable",0,2
"1397","indestructible",2,"indestructible",2,0
"1398","indiferencia",-2,"disregard",0,2
"1399","indiferencia",-2,"indifference",0,2
"1400","indiferente",-2,"indifferent",0,2
"1401","indignación",-2,"indignation",0,2
"1402","indignado",-2,"incensed",0,2
"1403","indignado",-2,"indignant",0,2
"1404","indignados",-3,"outraged",0,3
"1405","indigno de",-2,"unworthy",0,2
"1406","indulgente",1,"forgiving",1,0
"1407","indulgente",1,"lenient",1,0
"1408","indultos",2,"pardons",2,0
"1409","ineficaz",-2,"ineffective",0,2
"1410","ineficazmente",-2,"ineffectively",0,2
"1411","inestable",-1,"unsettled",0,1
"1412","inestable",-2,"unstable",0,2
"1413","infantil",-2,"childish",0,2
"1414","infatuación",2,"infatuation",2,0
"1415","infectado",-2,"infected",0,2
"1416","infeliz",-2,"unhappy",0,2
"1417","inferior",-2,"inferior",0,2
"1418","infierno",-4,"hell",0,4
"1419","influyente",2,"influential",2,0
"1420","información errónea",-2,"misreporting",0,2
"1421","infortunio",-2,"haplessness",0,2
"1422","infracción",-2,"infringement",0,2
"1423","infractor",-2,"offending",0,2
"1424","ingenuo",-2,"naive",0,2
"1425","inhibir",-1,"inhibit",0,1
"1426","injusticia",-2,"injustice",0,2
"1427","injusto",-2,"unfair",0,2
"1428","injusto",-2,"unjust",0,2
"1429","inmortal",2,"immortal",2,0
"1430","inmovilizado",-1,"immobilized",0,1
"1431","inmune",1,"immune",1,0
"1432","innova",1,"innovates",1,0
"1433","innovación",1,"innovation",1,0
"1434","innovador",2,"innovative",2,0
"1435","innovar",1,"innovate",1,0
"1436","inquieto",-2,"restless",0,2
"1437","inquisición",-2,"inquisition",0,2
"1438","inquisitivo",2,"inquisitive",2,0
"1439","insalubre",-2,"unhealthy",0,2
"1440","insano",-2,"insane",0,2
"1441","insatisfecho",-2,"dissatisfied",0,2
"1442","insatisfecho",-2,"unsatisfied",0,2
"1443","inseguro",-1,"doubting",0,1
"1444","inseguro",-2,"insecure",0,2
"1445","inseguro",-1,"unsure",0,1
"1446","insensibilidad",-2,"insensitivity",0,2
"1447","insensible",-2,"insensitive",0,2
"1448","insignificante",-2,"insignificant",0,2
"1449","insípido",-2,"insipid",0,2
"1450","insistente",-1,"pushy",0,1
"1451","insomnio",-2,"sleeplessness",0,2
"1452","inspira",2,"inspires",2,0
"1453","inspiración",2,"inspiration",2,0
"1454","Inspirado",2,"inspirational",2,0
"1455","inspirado",2,"inspired",2,0
"1456","inspirador",3,"inspiring",3,0
"1457","inspirar",2,"inspire",2,0
"1458","insultado",-2,"insulted",0,2
"1459","insultante",-2,"insulting",0,2
"1460","insulto",-2,"insult",0,2
"1461","insultos",-2,"insults",0,2
"1462","intacto",2,"intact",2,0
"1463","integridad",2,"integrity",2,0
"1464","inteligente",2,"clever",2,0
"1465","inteligente",2,"intelligent",2,0
"1466","inteligente",1,"smart",1,0
"1467","intenso",1,"intense",1,0
"1468","interesado",2,"interested",2,0
"1469","interesante",2,"interesting",2,0
"1470","interesar",1,"interest",1,0
"1471","intereses",1,"interests",1,0
"1472","interrogado",-2,"interrogated",0,2
"1473","interrogatorio",-1,"questioning",0,1
"1474","interrumpido",-2,"interrupted",0,2
"1475","interrumpiendo",-2,"interrupting",0,2
"1476","interrumpir",-2,"interrupt",0,2
"1477","interrupción",-2,"interruption",0,2
"1478","interrupciones",-2,"disruptions",0,2
"1479","interrupciones",-2,"interrupts",0,2
"1480","intimida",-2,"intimidates",0,2
"1481","intimidación",-2,"intimidation",0,2
"1482","intimidante",-2,"intimidating",0,2
"1483","intimidar",-2,"intimidate",0,2
"1484","intimidar",-2,"intimidated",0,2
"1485","intitulado",1,"entitled",1,0
"1486","intrépido",2,"dauntless",2,0
"1487","intrigas",1,"intrigues",1,0
"1488","intrincado",2,"intricate",2,0
"1489","inútil",-2,"useless",0,2
"1490","inutilidad",-2,"uselessness",0,2
"1491","invencible",2,"invincible",2,0
"1492","invitación",1,"invite",1,0
"1493","invulnerable",2,"invulnerable",2,0
"1494","ironía",-1,"irony",0,1
"1495","irónico",-1,"ironic",0,1
"1496","irracional",-1,"irrational",0,1
"1497","irresistible",2,"irresistible",2,0
"1498","irresoluto",-2,"irresolute",0,2
"1499","irresponsable",2,"irresponsible",2,0
"1500","irreversible",-1,"irreversible",0,1
"1501","irritado",-2,"annoyed",0,2
"1502","irritado",-3,"irritated",0,3
"1503","irritante",-3,"irritating",0,3
"1504","irritante",-2,"vexing",0,2
"1505","irritar",-3,"irritate",0,3
"1506","jackasses",-4,"jackasses",0,4
"1507","jactancioso",-2,"boastful",0,2
"1508","jaja",3,"haha",3,0
"1509","jajaja",3,"hahaha",3,0
"1510","Jesús",1,"jesus",1,0
"1511","jocoso",2,"jocular",2,0
"1512","jovial",2,"jovial",2,0
"1513","joya",1,"jewel",1,0
"1514","joyas",1,"jewels",1,0
"1515","jubiloso",3,"exultant",3,0
"1516","jubiloso",3,"gleeful",3,0
"1517","jubiloso",3,"joyous",3,0
"1518","jubiloso",3,"jubilant",3,0
"1519","juguetón",2,"playful",2,0
"1520","juicio hipotecario",-2,"foreclosure",0,2
"1521","jura",-2,"swears",0,2
"1522","jurar",-2,"swear",0,2
"1523","justa",2,"fair",2,0
"1524","justicia",2,"justice",2,0
"1525","justificadamente",2,"justifiably",2,0
"1526","justificado",2,"justified",2,0
"1527","juvenil",2,"youthful",2,0
"1528","kills",-3,"kills",0,3
"1529","Kinder",2,"kinder",2,0
"1530","la prevención",-1,"preventing",0,1
"1531","la resolución",1,"solving",1,0
"1532","la seguridad",1,"safety",1,0
"1533","ladrón",-2,"robber",0,2
"1534","lag",-2,"lagged",0,2
"1535","lágrimas",-2,"tears",0,2
"1536","lamentable",-3,"woeful",0,3
"1537","lamentando",-2,"regretting",0,2
"1538","lamentar",-2,"regret",0,2
"1539","lamentar",-2,"regretted",0,2
"1540","lánguido",-2,"lackadaisical",0,2
"1541","lanzado",1,"launched",1,0
"1542","lástima",-2,"pity",0,2
"1543","lastimoso",-2,"piteous",0,2
"1544","late",-2,"annoys",0,2
"1545","latoso",-2,"annoying",0,2
"1546","laughting",1,"laughting",1,0
"1547","lavado del cerebro",-3,"brainwashing",0,3
"1548","lavado verde",-3,"green wash",0,3
"1549","lavado verde",-3,"green washing",0,3
"1550","lavado verde",-3,"greenwash",0,3
"1551","lavado verde",-3,"greenwashing",0,3
"1552","lawl",3,"lawl",3,0
"1553","leal",3,"loyal",3,0
"1554","lealtad",3,"loyalty",3,0
"1555","leer mal",-1,"misread",0,1
"1556","legal",1,"legal",1,0
"1557","legalmente",1,"legally",1,0
"1558","lento",-2,"sluggish",0,2
"1559","lesión",-2,"injury",0,2
"1560","lesionado",-2,"injured",0,2
"1561","letárgico",-2,"lethargic",0,2
"1562","letargo",-2,"lethargy",0,2
"1563","libertad",2,"freedom",2,0
"1564","limitación",-1,"limitation",0,1
"1565","limitado",-1,"limited",0,1
"1566","límites",-1,"limits",0,1
"1567","limpiador",2,"cleaner",2,0
"1568","limpiar",2,"clean",2,0
"1569","linda",2,"cute",2,0
"1570","lío",-2,"mess",0,2
"1571","listo",-2,"poised",0,2
"1572","litigio",-1,"litigation",0,1
"1573","litigioso",-2,"litigious",0,2
"1574","lívido",-2,"livid",0,2
"1575","llanto",-2,"weeping",0,2
"1576","llantos",-2,"cries",0,2
"1577","llegar",1,"reaching",1,0
"1578","lleno de alegría",4,"overjoyed",4,0
"1579","lleno de savia",-1,"sappy",0,1
"1580","llorado",-2,"cried",0,2
"1581","llorado",-2,"mourned",0,2
"1582","llorando",-2,"crying",0,2
"1583","llorar",-1,"cry",0,1
"1584","llorar",-2,"mourn",0,2
"1585","llorar",-2,"weep",0,2
"1586","lluvioso",-1,"rainy",0,1
"1587","lmao",4,"lmao",4,0
"1588","lmfao",4,"lmfao",4,0
"1589","lo siento",-1,"sorry",0,1
"1590","loca",-2,"crazy",0,2
"1591","locamente",-3,"madly",0,3
"1592","loco",-2,"crazier",0,2
"1593","locos",-3,"lunatics",0,3
"1594","locura",-2,"insanity",0,2
"1595","Locura",-3,"madness",0,3
"1596","logra",2,"accomplishes",2,0
"1597","lol",3,"lol",3,0
"1598","los spammers",-3,"spammers",0,3
"1599","lovelies",3,"lovelies",3,0
"1600","lucha",-1,"fight",0,1
"1601","lucha",-2,"struggle",0,2
"1602","luchado",-2,"struggled",0,2
"1603","luchando",-2,"struggling",0,2
"1604","luchas",-2,"struggles",0,2
"1605","lúgubre",-2,"lugubrious",0,2
"1606","lunático",-3,"lunatic",0,3
"1607","luto",-2,"mourning",0,2
"1608","maduro",2,"mature",2,0
"1609","magnífico",5,"superb",5,0
"1610","mal",-3,"badly",0,3
"1611","mal",-3,"evil",0,3
"1612","mal comportamiento",-2,"misbehaving",0,2
"1613","mal humor",-2,"sulking",0,2
"1614","mal informado",-2,"misinformed",0,2
"1615","maldición",-1,"curse",0,1
"1616","maldición",-4,"damnit",0,4
"1617","Maldita sea",-4,"damn",0,4
"1618","maldito",-4,"damned",0,4
"1619","maldito",-4,"fucking",0,4
"1620","maldito",-3,"goddamn",0,3
"1621","maldito",-2,"pesky",0,2
"1622","malentendido",-2,"misunderstanding",0,2
"1623","males",-1,"mischiefs",0,1
"1624","malévolo",-2,"spiteful",0,2
"1625","malhumorado",-2,"mumpish",0,2
"1626","malhumorado",-2,"sulky",0,2
"1627","malinterpretado",-2,"misinterpreted",0,2
"1628","malo",-3,"bad",0,3
"1629","malvado",-2,"wicked",0,2
"1630","mancha",2,"slick",2,0
"1631","manifestantes",-2,"protesters",0,2
"1632","manipulación",-1,"manipulating",0,1
"1633","manipulación",-1,"manipulation",0,1
"1634","manipulado",-1,"manipulated",0,1
"1635","maravilla",3,"marvel",3,0
"1636","maravillas",3,"marvels",3,0
"1637","maravilloso",3,"marvelous",3,0
"1638","maravilloso",4,"stunning",4,0
"1639","maravilloso",4,"wonderful",4,0
"1640","mareado",-1,"dizzy",0,1
"1641","mareado",-2,"giddy",0,2
"1642","maricón",-3,"fag",0,3
"1643","maricón",-3,"faggot",0,3
"1644","más baja",-1,"lowest",0,1
"1645","más brillante",2,"brightest",2,0
"1646","más divertido",4,"funnier",4,0
"1647","más duras",-2,"harshest",0,2
"1648","más duro",-2,"harsher",0,2
"1649","más fuerte",2,"stronger",2,0
"1650","más fuerte",2,"strongest",2,0
"1651","más inteligente",2,"smarter",2,0
"1652","más inteligente",2,"smartest",2,0
"1653","más loca",-2,"craziest",0,2
"1654","más oscura",-2,"darkest",0,2
"1655","más pobre",-2,"poorer",0,2
"1656","más pobre",-2,"poorest",0,2
"1657","más resistentes",2,"hardier",2,0
"1658","más sucio",-2,"dirtier",0,2
"1659","más sucio",-2,"dirtiest",0,2
"1660","matar",-3,"kill",0,3
"1661","matón",-2,"bully",0,2
"1662","mayor",3,"greater",3,0
"1663","mayor",3,"greatest",3,0
"1664","me gusta",2,"like",2,0
"1665","meando",-3,"pissing",0,3
"1666","mear",-4,"piss",0,4
"1667","medalla",3,"medal",3,0
"1668","mediocridad",-3,"mediocrity",0,3
"1669","meditativo",1,"meditative",1,0
"1670","mejor",3,"best",3,0
"1671","mejor que",2,"better",2,0
"1672","mejora",2,"improvement",2,0
"1673","mejora",2,"improves",2,0
"1674","mejorado",2,"improved",2,0
"1675","mejorando",2,"improving",2,0
"1676","mejorar",2,"improve",2,0
"1677","melancolía",-2,"melancholy",0,2
"1678","melancólico",-2,"gloomy",0,2
"1679","melancólico",-1,"mope",0,1
"1680","menospreciado",-2,"belittled",0,2
"1681","menospreciado",-2,"disparaged",0,2
"1682","menospreciar",-2,"disparage",0,2
"1683","menosprecie",-2,"disparages",0,2
"1684","mentiroso",-3,"liar",0,3
"1685","mentirosos",-3,"liars",0,3
"1686","mercachifle",-2,"huckster",0,2
"1687","metódico",2,"methodical",2,0
"1688","miedo",-2,"fear",0,2
"1689","miedoso",2,"funky",2,0
"1690","mierda",-4,"bullshit",0,4
"1691","mierda",-3,"crap",0,3
"1692","Mierda",-4,"fuck",0,4
"1693","mierda",-4,"shit",0,4
"1694","milagro",4,"miracle",4,0
"1695","minado",-2,"undermined",0,2
"1696","minando",-2,"undermining",0,2
"1697","mintió",-2,"lied",0,2
"1698","miope",-2,"short-sighted",0,2
"1699","miopía",-2,"short-sightedness",0,2
"1700","mirthfully",3,"mirthfully",3,0
"1701","miserable",-3,"miserable",0,3
"1702","miseria",-2,"misery",0,2
"1703","misericordia",2,"mercy",2,0
"1704","misterioso",-2,"eerie",0,2
"1705","misterioso",-2,"eery",0,2
"1706","mito",-1,"myth",0,1
"1707","moda",-2,"fad",0,2
"1708","molesta",-2,"bothers",0,2
"1709","molestado",-2,"bothered",0,2
"1710","molestar",-2,"annoy",0,2
"1711","molestar",-2,"disturb",0,2
"1712","molestia",-2,"annoyance",0,2
"1713","molestia",-2,"bother",0,2
"1714","molesto",-4,"pissed",0,4
"1715","mongering",-2,"mongering",0,2
"1716","monopoliza",-2,"monopolizes",0,2
"1717","monopolizado",-2,"monopolized",0,2
"1718","monopolizar",-2,"monopolize",0,2
"1719","moping",-1,"moping",0,1
"1720","mordaz",-3,"acrimonious",0,3
"1721","mordaza",-2,"gag",0,2
"1722","morir",-3,"die",0,3
"1723","morir de hambre",-2,"starve",0,2
"1724","motivación",1,"motivation",1,0
"1725","motivado",2,"motivated",2,0
"1726","motivador",2,"motivating",2,0
"1727","motivar",1,"motivate",1,0
"1728","muere de hambre",-2,"starves",0,2
"1729","muerte",-2,"death",0,2
"1730","muerto",-3,"dead",0,3
"1731","multa",2,"fine",2,0
"1732","muriendo de hambre",-2,"starving",0,2
"1733","murió",-3,"died",0,3
"1734","musaraña",-4,"shrew",0,4
"1735","n00b",-2,"n00b",0,2
"1736","natural",1,"natural",1,0
"1737","necesitado",-2,"needy",0,2
"1738","negado",-2,"denied",0,2
"1739","negador",-2,"denier",0,2
"1740","negadores",-2,"deniers",0,2
"1741","negando",-2,"denying",0,2
"1742","negándose",-2,"refusing",0,2
"1743","negar",-2,"deny",0,2
"1744","negatividad",-2,"negativity",0,2
"1745","negativo",-2,"negative",0,2
"1746","negligencia",-2,"neglect",0,2
"1747","negligencias",-2,"neglects",0,2
"1748","negociar",2,"bargain",2,0
"1749","negrita",2,"bold",2,0
"1750","negro",-5,"nigger",0,5
"1751","nervios",-1,"nerves",0,1
"1752","nerviosamente",-2,"nervously",0,2
"1753","nervioso",-2,"fidgety",0,2
"1754","nervioso",-2,"flustered",0,2
"1755","nervioso",-2,"nervous",0,2
"1756","niebla tóxica",-2,"smog",0,2
"1757","niega",-2,"denies",0,2
"1758","Niggas",-5,"niggas",0,5
"1759","no",-1,"no",0,1
"1760","no amable",-2,"unlovable",0,2
"1761","no aprobado",-2,"unapproved",0,2
"1762","no creer",-2,"disbelieve",0,2
"1763","no deseado",-2,"unwanted",0,2
"1764","no es divertido",-3,"no fun",0,3
"1765","no está bien",-2,"not good",0,2
"1766","no funciona",-3,"does not work",0,3
"1767","no funciona",-3,"not working",0,3
"1768","no profesional",-2,"unprofessional",0,2
"1769","no puede soportar",-3,"can't stand",0,3
"1770","no sofisticado",-2,"unsophisticated",0,2
"1771","no te gusta",-2,"dont like",0,2
"1772","noble",2,"noble",2,0
"1773","nostálgico",-2,"homesick",0,2
"1774","notable",2,"remarkable",2,0
"1775","notorio",-2,"notorious",0,2
"1776","novato",-2,"noob",0,2
"1777","novela",2,"novel",2,0
"1778","nubes",-2,"troubles",0,2
"1779","nublada",-1,"clouded",0,1
"1780","nueces",-3,"nuts",0,3
"1781","objeto de dumping",-2,"dumped",0,2
"1782","obligado",1,"compelled",1,0
"1783","obligatorio",-1,"mandatory",0,1
"1784","obliterado",-2,"obliterated",0,2
"1785","obliterar",-2,"obliterate",0,2
"1786","obra maestra",4,"masterpiece",4,0
"1787","obras maestras",4,"masterpieces",4,0
"1788","obsceno",-2,"obscene",0,2
"1789","obsesionado",-2,"haunted",0,2
"1790","obsesionado",2,"obsessed",2,0
"1791","obsesionante",1,"haunting",1,0
"1792","obsoleto",-2,"obsolete",0,2
"1793","obstáculo",-2,"hindrance",0,2
"1794","obstáculo",-2,"obstacle",0,2
"1795","obstáculos",-2,"obstacles",0,2
"1796","obstinado",-2,"obstinate",0,2
"1797","obstinado",-2,"stubborn",0,2
"1798","obstruido",-1,"blocked",0,1
"1799","ocultación",-1,"hiding",0,1
"1800","odiado",-3,"hated",0,3
"1801","odiando",-3,"hating",0,3
"1802","odio",-3,"hate",0,3
"1803","odios",-3,"hates",0,3
"1804","ofende",-2,"offends",0,2
"1805","ofender",-2,"offend",0,2
"1806","ofendido",-2,"offended",0,2
"1807","oferta",2,"tender",2,0
"1808","Ojalá",2,"hopefully",2,0
"1809","OKS",2,"oks",2,0
"1810","olvidadizo",-2,"forgetful",0,2
"1811","olvidado",-1,"forgotten",0,1
"1812","olvidar",-1,"forget",0,1
"1813","ominoso",3,"ominous",3,0
"1814","oportunidad",2,"chance",2,0
"1815","oportunidad",2,"opportunity",2,0
"1816","oportunidades",2,"opportunities",2,0
"1817","opresivo",-2,"oppressive",0,2
"1818","oprimidos",-2,"oppressed",0,2
"1819","optimismo",2,"optimism",2,0
"1820","optimista",2,"optimistic",2,0
"1821","optionless",-2,"optionless",0,2
"1822","ora",1,"prays",1,0
"1823","orar",1,"pray",1,0
"1824","orgullo",2,"proudly",2,0
"1825","orgulloso",2,"proud",2,0
"1826","oscuridad",-1,"darkness",0,1
"1827","oscuridad",-1,"gloom",0,1
"1828","outmaneuvered",-2,"outmaneuvered",0,2
"1829","overreacted",-2,"overreacted",0,2
"1830","overselling",-2,"overselling",0,2
"1831","oversells",-2,"oversells",0,2
"1832","oxímoron",-1,"oxymoron",0,1
"1833","pacífico",2,"peaceful",2,0
"1834","paga",-1,"pay",0,1
"1835","pagado",2,"acquitted",2,0
"1836","paja",-2,"blah",0,2
"1837","paliza",-1,"beating",0,1
"1838","pánico",-3,"panic",0,3
"1839","pánico",-3,"panicked",0,3
"1840","pánicos",-3,"panics",0,3
"1841","parada",-1,"stopping",0,1
"1842","paradas",-1,"stops",0,1
"1843","paradoja",-1,"paradox",0,1
"1844","paraíso",3,"paradise",3,0
"1845","parcial",-2,"biased",0,2
"1846","parcialidad",-1,"bias",0,1
"1847","pardoning",2,"pardoning",2,0
"1848","parlamentar",-1,"parley",0,1
"1849","parodia",-2,"travesty",0,2
"1850","paros",-2,"walkouts",0,2
"1851","parte superior",2,"top",2,0
"1852","partidarios",1,"supporters",1,0
"1853","pasado",-1,"worn",0,1
"1854","pasado por alto",-1,"overlooked",0,1
"1855","pasivamente",-1,"passively",0,1
"1856","pasivo",-1,"passive",0,1
"1857","pasmosamente",3,"astoundingly",3,0
"1858","patético",-2,"pathetic",0,2
"1859","pavor",-2,"dread",0,2
"1860","paz",2,"peace",2,0
"1861","pecaminoso",-3,"sinful",0,3
"1862","pedir disculpas",-1,"apologise",0,1
"1863","pedir disculpas",-1,"apologize",0,1
"1864","peligro",-2,"danger",0,2
"1865","peligro",-2,"jeopardy",0,2
"1866","peligro",-2,"peril",0,2
"1867","pena",-2,"penalty",0,2
"1868","penetración",3,"breakthrough",3,0
"1869","pensativo",-1,"pensive",0,1
"1870","pensativo",2,"thoughtful",2,0
"1871","peor",-3,"worse",0,3
"1872","peor",-3,"worst",0,3
"1873","perdedor",-3,"loser",0,3
"1874","perder",-2,"miss",0,2
"1875","pérdida",-3,"loss",0,3
"1876","perdido",-2,"missed",0,2
"1877","perdiendo",-3,"losing",0,3
"1878","perdió",-3,"lost",0,3
"1879","perdón",2,"pardon",2,0
"1880","perdonado",2,"pardoned",2,0
"1881","perdonar",1,"forgive",1,0
"1882","perezoso",-1,"lazy",0,1
"1883","perfecciona",2,"perfects",2,0
"1884","perfeccionado",2,"perfected",2,0
"1885","perfectamente",3,"perfectly",3,0
"1886","Perfecto",3,"perfect",3,0
"1887","perjudicado",-2,"disadvantaged",0,2
"1888","perjudicado",-2,"harmed",0,2
"1889","perjudicial",-2,"harmful",0,2
"1890","perjurio",-3,"perjury",0,3
"1891","permitir",1,"allow",1,0
"1892","perplejo",-2,"perplexed",0,2
"1893","perplejo",-2,"puzzled",0,2
"1894","perra",-5,"bitch",0,5
"1895","perras",-5,"bitches",0,5
"1896","perseguidos",-2,"persecuted",0,2
"1897","perseguir",-2,"persecute",0,2
"1898","perseguir",-2,"persecuting",0,2
"1899","persigue",-2,"persecutes",0,2
"1900","perspectiva",1,"prospect",1,0
"1901","perspectivas",1,"prospects",1,0
"1902","perturba",-2,"disturbs",0,2
"1903","perturbado",-2,"disturbed",0,2
"1904","perturbado",-2,"perturbed",0,2
"1905","perturbador",-2,"disturbing",0,2
"1906","pesimismo",-2,"pessimism",0,2
"1907","pesimista",-2,"pessimistic",0,2
"1908","pésimo",-2,"appalling",0,2
"1909","petrificado",-2,"petrified",0,2
"1910","picado",-2,"piqued",0,2
"1911","picante",-2,"itchy",0,2
"1912","pierde",-3,"looses",0,3
"1913","pinchazo",-5,"prick",0,5
"1914","pintoresco",2,"picturesque",2,0
"1915","piqué",-2,"pique",0,2
"1916","pistola",-1,"gun",0,1
"1917","Placer",3,"pleasure",3,0
"1918","pobre",-2,"poor",0,2
"1919","pobreza",-1,"poverty",0,1
"1920","poco claro",-1,"unclear",0,1
"1921","poco ético",-2,"unethical",0,2
"1922","poderoso",2,"powerful",2,0
"1923","polémica",-2,"controversially",0,2
"1924","polémico",-2,"controversial",0,2
"1925","polla",-5,"cock",0,5
"1926","polla",-4,"dick",0,4
"1927","popular",3,"popular",3,0
"1928","Por favor",1,"please",1,0
"1929","por suerte",3,"luckily",3,0
"1930","porta mal",-2,"misbehaves",0,2
"1931","portado mal",-2,"misbehaved",0,2
"1932","portarse mal",-2,"misbehave",0,2
"1933","posesivo",-2,"possessive",0,2
"1934","posibilidades",2,"chances",2,0
"1935","positivo",2,"positive",2,0
"1936","pospone",-1,"postpones",0,1
"1937","posponer",-1,"postpone",0,1
"1938","posponiendo",-1,"postponing",0,1
"1939","pospuesto",-1,"postponed",0,1
"1940","prblm",-2,"prblm",0,2
"1941","prblms",-2,"prblms",0,2
"1942","pregonan",-2,"touting",0,2
"1943","premio",3,"award",3,0
"1944","premios",3,"awards",3,0
"1945","preocupación",-3,"worry",0,3
"1946","preocupado",-2,"troubled",0,2
"1947","preocupado",-3,"worried",0,3
"1948","preocupante",-3,"worrying",0,3
"1949","preparado",1,"prepared",1,0
"1950","presar",-2,"deject",0,2
"1951","presión",-1,"pressure",0,1
"1952","presionados",-2,"pressured",0,2
"1953","prestigio",3,"kudos",3,0
"1954","pretendiendo",-1,"pretending",0,1
"1955","prevenido",-2,"warned",0,2
"1956","previene",-1,"prevents",0,1
"1957","prisión",-2,"prison",0,2
"1958","prisionero",-2,"prisoner",0,2
"1959","prisioneros",-2,"prisoners",0,2
"1960","privación",-2,"hardship",0,2
"1961","privar",-2,"bereave",0,2
"1962","privilegiado",2,"privileged",2,0
"1963","proactivo",2,"proactive",2,0
"1964","problema",-2,"problem",0,2
"1965","problema",-2,"trouble",0,2
"1966","problemas",-2,"problems",0,2
"1967","procesado",-2,"prosecuted",0,2
"1968","Progreso",2,"progress",2,0
"1969","prohibición",-2,"ban",0,2
"1970","prohibido",-2,"banned",0,2
"1971","promesa",1,"promise",1,0
"1972","promesas",1,"promises",1,0
"1973","prometido",1,"promised",1,0
"1974","prominente",2,"prominent",2,0
"1975","promocionado",-2,"touted",0,2
"1976","promover",1,"promote",1,0
"1977","promovido",1,"promoted",1,0
"1978","promoviendo",1,"promoting",1,0
"1979","promueve",1,"promotes",1,0
"1980","propaganda",-2,"propaganda",0,2
"1981","próspero",3,"prosperous",3,0
"1982","protege",1,"protects",1,0
"1983","proteger",1,"protect",1,0
"1984","protegido",1,"protected",1,0
"1985","protesta",-2,"protest",0,2
"1986","protestar",-2,"protesting",0,2
"1987","protestas",-2,"protests",0,2
"1988","provoca",-1,"provokes",0,1
"1989","provocado",-1,"provoked",0,1
"1990","provocador",-1,"provoking",0,1
"1991","provocar",-1,"provoke",0,1
"1992","pseudociencia",-3,"pseudoscience",0,3
"1993","puesto",-2,"stall",0,2
"1994","punitivo",-2,"punitive",0,2
"1995","punto de referencia",2,"landmark",2,0
"1996","punto muerto",-2,"deadlock",0,2
"1997","puñalada",-2,"stab",0,2
"1998","puñaladas",-2,"stabs",0,2
"1999","pusilánime",-2,"fainthearted",0,2
"2000","puta",-5,"slut",0,5
"2001","puta",-4,"whore",0,4
"2002","puto",-5,"motherfucking",0,5
"2003","que cae",-1,"falling",0,1
"2004","quejado",-2,"complained",0,2
"2005","quejar",-2,"complain",0,2
"2006","querer",1,"want",1,0
"2007","querido",2,"cherished",2,0
"2008","querido",2,"dear",2,0
"2009","rabia",-2,"rage",0,2
"2010","rabioso",-2,"rageful",0,2
"2011","ración",2,"helping",2,0
"2012","racismo",-3,"racism",0,3
"2013","racista",-3,"racist",0,3
"2014","racistas",-3,"racists",0,3
"2015","ranter",-3,"ranter",0,3
"2016","ranters",-3,"ranters",0,3
"2017","rantes",-3,"rants",0,3
"2018","rápidamente",2,"swiftly",2,0
"2019","rápido",2,"swift",2,0
"2020","raptados",2,"raptured",2,0
"2021","rapto",2,"rapture",2,0
"2022","Rasgado",-2,"torn",0,2
"2023","ratificado",2,"ratified",2,0
"2024","realce",2,"highlight",2,0
"2025","realizable",1,"achievable",1,0
"2026","realizar",2,"accomplish",2,0
"2027","reanimar",2,"revive",2,0
"2028","rebelión",-2,"rebellion",0,2
"2029","recelo",-2,"misgiving",0,2
"2030","recesión",-2,"recession",0,2
"2031","rechaza",-1,"rejects",0,1
"2032","rechazado",-2,"refused",0,2
"2033","rechazado",-1,"rejected",0,1
"2034","rechazando",-1,"rejecting",0,1
"2035","rechazar",-1,"reject",0,1
"2036","rechazar",-1,"repulse",0,1
"2037","recomendado",2,"recommended",2,0
"2038","recomendar",2,"recommend",2,0
"2039","recomienda",2,"recommends",2,0
"2040","recompensa",2,"reward",2,0
"2041","recompensado",2,"rewarded",2,0
"2042","recompensas",2,"rewards",2,0
"2043","recortado",-2,"slashed",0,2
"2044","recortes",-1,"cuts",0,1
"2045","redimido",2,"redeemed",2,0
"2046","refugios",-1,"haunts",0,1
"2047","regalo",2,"gift",2,0
"2048","regaño",-2,"scold",0,2
"2049","regate",-2,"dodging",0,2
"2050","regocija",3,"exhilarates",3,0
"2051","regocija",4,"rejoices",4,0
"2052","regocijado",3,"exhilarated",3,0
"2053","regocijado",4,"rejoiced",4,0
"2054","reivindica",2,"vindicates",2,0
"2055","reivindicando",2,"vindicating",2,0
"2056","relajado",2,"relaxed",2,0
"2057","relieves",1,"relieves",1,0
"2058","remordimiento",-2,"remorse",0,2
"2059","renuncia",-1,"resigns",0,1
"2060","Renunciar",-1,"resign",0,1
"2061","renunciar",-1,"resigning",0,1
"2062","repelido",-2,"repulsed",0,2
"2063","rescatada",2,"rescued",2,0
"2064","rescate",-2,"bailout",0,2
"2065","rescate",2,"rescue",2,0
"2066","rescates",2,"rescues",2,0
"2067","resentido",-2,"resentful",0,2
"2068","residuos",-1,"waste",0,1
"2069","resignado",-1,"resigned",0,1
"2070","resistente",2,"hardy",2,0
"2071","resolver",2,"resolve",2,0
"2072","resolver",2,"resolving",2,0
"2073","resolver",1,"solve",1,0
"2074","respalda",2,"endorses",2,0
"2075","Respaldados",1,"backed",1,0
"2076","respetado",2,"respected",2,0
"2077","responsable",2,"responsible",2,0
"2078","restauración",1,"restoring",1,0
"2079","restauraciones",1,"restores",1,0
"2080","restaurada",1,"restored",1,0
"2081","restaurar",1,"restore",1,0
"2082","restos",-2,"ruins",0,2
"2083","restricción",-2,"restriction",0,2
"2084","restringe",-2,"restricts",0,2
"2085","restringido",-2,"restricted",0,2
"2086","restringiendo",-2,"restricting",0,2
"2087","restringir",-2,"restrict",0,2
"2088","resuelto",2,"resolute",2,0
"2089","resuelto",2,"resolved",2,0
"2090","resuelto",1,"solved",1,0
"2091","resuelve",2,"resolves",2,0
"2092","resuelve",1,"solves",1,0
"2093","retardar",-2,"retard",0,2
"2094","retenido",-1,"retained",0,1
"2095","retirada",-1,"retreat",0,1
"2096","retirada",-2,"walkout",0,2
"2097","retirada",-3,"withdrawal",0,3
"2098","reto",-1,"challenge",0,1
"2099","retozón",2,"frisky",2,0
"2100","retrasado",-1,"delayed",0,1
"2101","retrasado",-2,"retarded",0,2
"2102","retrasar",-1,"delay",0,1
"2103","retraso",-1,"lag",0,1
"2104","revendedor",-2,"tout",0,2
"2105","revendedores",-2,"touts",0,2
"2106","reverenciado",2,"revered",2,0
"2107","revive",2,"revives",2,0
"2108","rezagado",-2,"lagging",0,2
"2109","rezar",1,"praying",1,0
"2110","Rico",2,"rich",2,0
"2111","rico",2,"wealthy",2,0
"2112","ridiculiza",-2,"derides",0,2
"2113","ridiculizado",-2,"derided",0,2
"2114","ridiculizar",-2,"deride",0,2
"2115","ridículo",-3,"ridiculous",0,3
"2116","riesgo",-2,"risk",0,2
"2117","riesgos",-2,"risks",0,2
"2118","rigurosamente",3,"rigorously",3,0
"2119","riguroso",3,"rigorous",3,0
"2120","riqueza",3,"wealth",3,0
"2121","risa",1,"laugh",1,0
"2122","risa",1,"laughing",1,0
"2123","risas",1,"laughs",1,0
"2124","robado",-2,"stolen",0,2
"2125","robar",-2,"rob",0,2
"2126","robar",-2,"steal",0,2
"2127","robing",-2,"robing",0,2
"2128","robos",-2,"steals",0,2
"2129","robs",-2,"robs",0,2
"2130","robusto",2,"robust",2,0
"2131","rofl",4,"rofl",4,0
"2132","roflcopter",4,"roflcopter",4,0
"2133","roflmao",4,"roflmao",4,0
"2134","romance",2,"romance",2,0
"2135","rompió",-1,"broke",0,1
"2136","rotfl",4,"rotfl",4,0
"2137","rotflmfao",4,"rotflmfao",4,0
"2138","ROTFLOL",4,"rotflol",4,0
"2139","roto",-1,"broken",0,1
"2140","rudo",-3,"badass",0,3
"2141","ruidoso",-1,"noisy",0,1
"2142","ruina",-2,"ruin",0,2
"2143","ruina",-2,"wreck",0,2
"2144","ruptura",-2,"disruption",0,2
"2145","saboreando",2,"relishing",2,0
"2146","sabotaje",-2,"sabotage",0,2
"2147","sabroso",3,"yummy",3,0
"2148","saliente",1,"salient",1,0
"2149","saluda",1,"greets",1,0
"2150","saludable",2,"healthy",2,0
"2151","saludado",1,"greeted",1,0
"2152","saludar",1,"greet",1,0
"2153","saludo",1,"greeting",1,0
"2154","saludos",2,"greetings",2,0
"2155","salvado",2,"saved",2,0
"2156","salvador de la vida",4,"lifesaver",4,0
"2157","salvar",2,"save",2,0
"2158","sangriento",-3,"bloody",0,3
"2159","sarcástico",-2,"sarcastic",0,2
"2160","satisfecho",3,"pleased",3,0
"2161","satisfecho",2,"satisfied",2,0
"2162","se ahoga",-2,"drowns",0,2
"2163","se avecina",-1,"looming",0,1
"2164","se compromete",1,"commits",1,0
"2165","se degrada",-2,"degrades",0,2
"2166","se disculpa",-1,"apologises",0,1
"2167","se disculpa",-1,"apologizes",0,1
"2168","se esconde",-1,"hides",0,1
"2169","se esconde",-1,"lurks",0,1
"2170","se extiende",1,"extends",1,0
"2171","se queja",-2,"complains",0,2
"2172","Se rió",1,"laughed",1,0
"2173","secuestrado",-2,"abducted",0,2
"2174","secuestro",-2,"abduction",0,2
"2175","secuestros",-2,"abductions",0,2
"2176","secundario",1,"supporting",1,0
"2177","sedición",-2,"sedition",0,2
"2178","sedicioso",-2,"seditious",0,2
"2179","seducir",-1,"seduced",0,1
"2180","seguidor",1,"supporter",1,0
"2181","seguro",1,"safe",1,0
"2182","seguro",2,"secure",2,0
"2183","seguro de sí mismo",2,"self-confident",2,0
"2184","sensación",1,"feeling",1,0
"2185","sensible",2,"responsive",2,0
"2186","sentencia",-2,"sentencing",0,2
"2187","sentido",3,"heartfelt",3,0
"2188","separado",-1,"detached",0,1
"2189","sereno",2,"serene",2,0
"2190","serio",2,"earnest",2,0
"2191","servicial",2,"helpful",2,0
"2192","sexy",3,"sexy",3,0
"2193","shamed",-2,"shamed",0,2
"2194","sí",1,"yeah",1,0
"2195","sí",1,"yes",1,0
"2196","significado",1,"significance",1,0
"2197","significativo",2,"meaningful",2,0
"2198","significativo",1,"significant",1,0
"2199","silenciamiento",-1,"silencing",0,1
"2200","simpatía",2,"sympathy",2,0
"2201","simpático",2,"sympathetic",2,0
"2202","simplificada",-2,"oversimplified",0,2
"2203","simplificar demasiado",-2,"oversimplify",0,2
"2204","sin acreditar",-1,"uncredited",0,1
"2205","sin amor",-2,"unloved",0,2
"2206","sin ánimo",-2,"spiritless",0,2
"2207","sin apoyo",-2,"unsupported",0,2
"2208","sin dientes",-2,"toothless",0,2
"2209","sin encanto",-3,"charmless",0,3
"2210","sin esperanza",-2,"hopeless",0,2
"2211","sin garantía",-2,"unsecured",0,2
"2212","sin igual",2,"unequaled",2,0
"2213","sin inteligencia",-2,"unintelligent",0,2
"2214","sin par",1,"unmatched",1,0
"2215","sin peligro",1,"safely",1,0
"2216","sin sentido",-2,"meaningless",0,2
"2217","sin tacha",2,"untarnished",2,0
"2218","sin valor",-2,"worthless",0,2
"2219","sincera",2,"sincerest",2,0
"2220","sinceramente",2,"sincerely",2,0
"2221","sinceridad",2,"sincerity",2,0
"2222","sincero",2,"sincere",2,0
"2223","singleminded",-2,"singleminded",0,2
"2224","slickest",2,"slickest",2,0
"2225","Smiled",2,"smiled",2,0
"2226","snubbing",-2,"snubbing",0,2
"2227","soborno",-3,"bribe",0,3
"2228","sobrecarga",-1,"overload",0,1
"2229","sobrecargar",-2,"burdening",0,2
"2230","sobrereacciona",-2,"overreacts",0,2
"2231","sobrereaccionar",-2,"overreact",0,2
"2232","sobrerreacción",-2,"overreaction",0,2
"2233","sobresimplifica",-2,"oversimplifies",0,2
"2234","sobresimplificación",-2,"oversimplification",0,2
"2235","sobreviviente",2,"surviving",2,0
"2236","sobreviviente",2,"survivor",2,0
"2237","sobrevivió",2,"survived",2,0
"2238","socava",-2,"undermines",0,2
"2239","socavar",-2,"undermine",0,2
"2240","sofisticado",2,"sophisticated",2,0
"2241","sofocado",-1,"stifled",0,1
"2242","sol",2,"sunshine",2,0
"2243","solemne",-1,"solemn",0,1
"2244","solidaridad",2,"solidarity",2,0
"2245","sólido",2,"solid",2,0
"2246","solitario",-2,"lonely",0,2
"2247","solitario",-2,"lonesome",0,2
"2248","solo",-2,"alone",0,2
"2249","soltar",-1,"drop",0,1
"2250","solución",1,"solution",1,0
"2251","soluciones",1,"solutions",1,0
"2252","sombrío",-2,"glum",0,2
"2253","sombrío",-2,"somber",0,2
"2254","sonreír",2,"smile",2,0
"2255","sonriente",2,"smiling",2,0
"2256","sonrisas",2,"smiles",2,0
"2257","soportado",2,"supported",2,0
"2258","soportes",2,"supports",2,0
"2259","sorprende",2,"amazes",2,0
"2260","sorprendido",-2,"startled",0,2
"2261","sosegado",2,"restful",2,0
"2262","sospecha",-1,"suspected",0,1
"2263","sospechando",-1,"suspecting",0,1
"2264","sospechar",-1,"suspect",0,1
"2265","sospechosos",-1,"suspects",0,1
"2266","spammer",-3,"spammer",0,3
"2267","squelched",-1,"squelched",0,1
"2268","subestimaciones",-1,"underestimates",0,1
"2269","subestimado",-1,"underestimated",0,1
"2270","subestimar",-1,"underestimate",0,1
"2271","subsidios",1,"grants",1,0
"2272","subversivo",-2,"subversive",0,2
"2273","suciedad",-2,"dirt",0,2
"2274","sucio",-2,"dirty",0,2
"2275","suelto",-3,"loose",0,3
"2276","sueño",1,"dream",1,0
"2277","Sueños",1,"dreams",1,0
"2278","suerte",3,"luck",3,0
"2279","suerte",3,"lucky",3,0
"2280","suficiente",-2,"complacent",0,2
"2281","sufre",-2,"suffers",0,2
"2282","sufrimiento",-2,"suffering",0,2
"2283","sufrir",-2,"suffer",0,2
"2284","suicida",-2,"suicidal",0,2
"2285","suicidio",-2,"suicide",0,2
"2286","súper",3,"super",3,0
"2287","superar a",2,"outreach",2,0
"2288","superior",2,"superior",2,0
"2289","suspender",-1,"suspend",0,1
"2290","suspendido",-1,"suspended",0,1
"2291","suspicaz",-2,"suspicious",0,2
"2292","suspiro",-2,"sigh",0,2
"2293","sustancial",1,"substantial",1,0
"2294","sustancialmente",1,"substantially",1,0
"2295","susto",-2,"fright",0,2
"2296","susto",-2,"scare",0,2
"2297","tacaño",-2,"stingy",0,2
"2298","tapas",2,"tops",2,0
"2299","tard",-2,"tard",0,2
"2300","tedio",-2,"ennui",0,2
"2301","telar",-1,"loom",0,1
"2302","telares",-1,"looms",0,1
"2303","temblante",-2,"quaking",0,2
"2304","temblor",-2,"trembling",0,2
"2305","tembloroso",-2,"shaky",0,2
"2306","temerario",2,"daredevil",2,0
"2307","temerario",-2,"reckless",0,2
"2308","temeroso",-2,"fearful",0,2
"2309","temible",-2,"fearsome",0,2
"2310","temido",-2,"dreaded",0,2
"2311","temiendo",-2,"dreading",0,2
"2312","temiendo",-2,"fearing",0,2
"2313","temperamental",-1,"moody",0,1
"2314","tensión",-1,"tension",0,1
"2315","tenso",-2,"uptight",0,2
"2316","tergiversación",-2,"misrepresentation",0,2
"2317","terrible",-3,"dire",0,3
"2318","terrible",-3,"dreadful",0,3
"2319","terrible",-3,"terrible",0,3
"2320","terriblemente",-3,"terribly",0,3
"2321","terror",-3,"terror",0,3
"2322","tesoro",2,"treasure",2,0
"2323","tesoros",2,"treasures",2,0
"2324","tetas",-2,"tits",0,2
"2325","tiempo",-2,"tense",0,2
"2326","tímido",-2,"diffident",0,2
"2327","tímido",-1,"shy",0,1
"2328","tímido",-2,"timid",0,2
"2329","timorato",-2,"timorous",0,2
"2330","tipo",2,"kind",2,0
"2331","tolerante",2,"tolerant",2,0
"2332","toma de posesión",-2,"swearing",0,2
"2333","tonto",-3,"dumb",0,3
"2334","tonto",-2,"fool",0,2
"2335","tonto",-2,"foolish",0,2
"2336","tonto",-1,"silly",0,1
"2337","tontos",-2,"fools",0,2
"2338","torpe",-2,"awkward",0,2
"2339","tortura",-4,"torture",0,4
"2340","tortura",-4,"torturing",0,4
"2341","torturado",-4,"tortured",0,4
"2342","torturas",-4,"tortures",0,4
"2343","totalitario",-2,"totalitarian",0,2
"2344","totalitarismo",-2,"totalitarianism",0,2
"2345","tragedia",-2,"tragedy",0,2
"2346","trágico",-2,"tragic",0,2
"2347","tragona",-5,"cocksucker",0,5
"2348","traición",-3,"betrayal",0,3
"2349","traición",-3,"treason",0,3
"2350","traiciona",-3,"betrays",0,3
"2351","traicionado",-3,"betrayed",0,3
"2352","traicionar",-3,"betray",0,3
"2353","traicionero",-3,"betraying",0,3
"2354","tramado",-2,"dithering",0,2
"2355","trampa",-1,"trap",0,1
"2356","tramposo",-3,"cheater",0,3
"2357","tramposos",-3,"cheaters",0,3
"2358","tramposos",-3,"cheats",0,3
"2359","tranquiliza",1,"reassures",1,0
"2360","tranquilizado",1,"reassured",1,0
"2361","tranquilizador",2,"reassuring",2,0
"2362","tranquilizar",1,"reassure",1,0
"2363","tranquilo",2,"tranquil",2,0
"2364","trapacero",-3,"swindling",0,3
"2365","trastornado",-2,"upset",0,2
"2366","trastornador",-2,"upsetting",0,2
"2367","trastorno",-2,"disorder",0,2
"2368","trastornos",-2,"upsets",0,2
"2369","trauma",-3,"trauma",0,3
"2370","traumático",-3,"traumatic",0,3
"2371","travesura",-1,"mischief",0,1
"2372","treasonous",-3,"treasonous",0,3
"2373","trémulo",-2,"tremulous",0,2
"2374","triste",-2,"cheerless",0,2
"2375","triste",-2,"dismal",0,2
"2376","triste",-2,"dreary",0,2
"2377","triste",-2,"joyless",0,2
"2378","triste",-2,"mournful",0,2
"2379","triste",-2,"sad",0,2
"2380","triste",-2,"sorrowful",0,2
"2381","tristemente",-2,"sadly",0,2
"2382","triunfante",4,"triumphant",4,0
"2383","triunfo",4,"triumph",4,0
"2384","tugurio",-1,"dump",0,1
"2385","tumba",-2,"grave",0,2
"2386","tumor",-2,"tumor",0,2
"2387","túnica",-2,"robed",0,2
"2388","una vez en la vida",3,"once-in-a-lifetime",3,0
"2389","unido",1,"united",1,0
"2390","unificada",1,"unified",1,0
"2391","unirse",1,"join",1,0
"2392","unresearched",-2,"unresearched",0,2
"2393","urgente",-1,"urgent",0,1
"2394","útil",2,"useful",2,0
"2395","utilidad",2,"usefulness",2,0
"2396","vacilante",-2,"hesitant",0,2
"2397","vacilante",-1,"wavering",0,1
"2398","vacilar",-2,"hesitate",0,2
"2399","vacío",-1,"emptiness",0,1
"2400","vacío",-1,"empty",0,1
"2401","vago",-2,"vague",0,2
"2402","valida",1,"validates",1,0
"2403","validado",1,"validated",1,0
"2404","validar",1,"validate",1,0
"2405","validar",1,"validating",1,0
"2406","valiente",2,"brave",2,0
"2407","valiente",2,"courageous",2,0
"2408","valientemente",2,"boldly",2,0
"2409","valor",2,"courage",2,0
"2410","valor",2,"worth",2,0
"2411","vano",-2,"wasted",0,2
"2412","vejación",-2,"vexation",0,2
"2413","vencido",-2,"beaten",0,2
"2414","veneno",-2,"poison",0,2
"2415","venenos",-2,"poisons",0,2
"2416","venganza",-2,"revenge",0,2
"2417","vengativo",-2,"revengeful",0,2
"2418","ventaja",2,"advantage",2,0
"2419","ventajas",2,"advantages",2,0
"2420","ventilador",3,"fan",3,0
"2421","veredicto",-1,"verdict",0,1
"2422","veredictos",-1,"verdicts",0,1
"2423","vergonzoso",-2,"shameful",0,2
"2424","vergüenza",-2,"embarrassment",0,2
"2425","vergüenza",-2,"shame",0,2
"2426","vestíbulo",-2,"lobby",0,2
"2427","vibrante",3,"vibrant",3,0
"2428","vicioso",-2,"vicious",0,2
"2429","víctima",-2,"casualty",0,2
"2430","víctima",-3,"victim",0,3
"2431","víctimas",-3,"victimized",0,3
"2432","víctimas",-3,"victims",0,3
"2433","víctimas mortales",-3,"fatalities",0,3
"2434","victimiza",-3,"victimizes",0,3
"2435","victimizadora",-3,"victimizing",0,3
"2436","victimizar",-3,"victimize",0,3
"2437","victorias",4,"wins",4,0
"2438","victorioso",4,"winning",4,0
"2439","vigilante",3,"vigilant",3,0
"2440","vil",-3,"vile",0,3
"2441","vindicado",2,"vindicated",2,0
"2442","vindicar",2,"vindicate",2,0
"2443","viola",-2,"violates",0,2
"2444","violación",-4,"rape",0,4
"2445","violado",-2,"violated",0,2
"2446","violador",-4,"rapist",0,4
"2447","violar",-2,"violate",0,2
"2448","violar",-2,"violating",0,2
"2449","violencia",-3,"violence",0,3
"2450","violento",-3,"violent",0,3
"2451","virtuoso",2,"virtuous",2,0
"2452","virulento",-2,"virulent",0,2
"2453","visión",1,"vision",1,0
"2454","visión",1,"visioning",1,0
"2455","visionario",3,"visionary",3,0
"2456","visiones",1,"visions",1,0
"2457","vitalidad",3,"vitality",3,0
"2458","vitamina",1,"vitamin",1,0
"2459","vitriólico",-3,"vitriolic",0,3
"2460","viudo",-1,"widowed",0,1
"2461","viva",1,"alive",1,0
"2462","vivaz",3,"vivacious",3,0
"2463","vociferante",-1,"vociferous",0,1
"2464","vulnerabilidad",-2,"vulnerability",0,2
"2465","vulnerable",-2,"vulnerable",0,2
"2466","WINWIN",3,"winwin",3,0
"2467","won",3,"won",3,0
"2468","woohoo",3,"woohoo",3,0
"2469","wooo",4,"wooo",4,0
"2470","woow",4,"woow",4,0
"2471","wOWOW",4,"wowow",4,0
"2472","wowww",4,"wowww",4,0
"2473","wtf",-4,"wtf",0,4
"2474","yeees",2,"yeees",2,0
"2475","",-2,"blame",0,2
"2476","",-2,"blames",0,2
